Region,Country_code,Country,Year,DDD_per_1000_per_day,Last_Updated
EUROPE,ARM,ARMENIA,2016,9.66,24-09-2025
EUROPE,ARM,ARMENIA,2017,12.39,24-09-2025
EUROPE,ARM,ARMENIA,2018,12.72,24-09-2025
EUROPE,ARM,ARMENIA,2019,11.85,24-09-2025
EUROPE,ARM,ARMENIA,2020,18.27,24-09-2025
EUROPE,ARM,ARMENIA,2021,14.47,24-09-2025
EUROPE,ARM,ARMENIA,2022,9.65,24-09-2025
EUROPE,ARM,ARMENIA,2023,13.88,24-09-2025
EUROPE,AUT,AUSTRIA,2016,11.47,24-09-2025
EUROPE,AUT,AUSTRIA,2017,11.99,24-09-2025
EUROPE,AUT,AUSTRIA,2018,10.77,24-09-2025
EUROPE,AUT,AUSTRIA,2019,12.05,24-09-2025
EUROPE,AUT,AUSTRIA,2020,9.24,24-09-2025
EUROPE,AUT,AUSTRIA,2021,9.27,24-09-2025
EUROPE,AUT,AUSTRIA,2022,10.89,24-09-2025
EUROPE,AUT,AUSTRIA,2023,11.74,24-09-2025
"SOUTH-EAST ASIA",BGD,BANGLADESH,2016,23.81,18-09-2024
"SOUTH-EAST ASIA",BGD,BANGLADESH,2017,20.97,18-09-2024
"SOUTH-EAST ASIA",BGD,BANGLADESH,2018,19.77,18-09-2024
"SOUTH-EAST ASIA",BGD,BANGLADESH,2019,24.32,18-09-2024
"SOUTH-EAST ASIA",BGD,BANGLADESH,2020,24.9,18-09-2024
"SOUTH-EAST ASIA",BGD,BANGLADESH,2021,55.37,18-09-2024
"SOUTH-EAST ASIA",BGD,BANGLADESH,2022,48.92,18-09-2024
"SOUTH-EAST ASIA",BGD,BANGLADESH,2023,32.15,24-09-2025
EUROPE,BLR,BELARUS,2016,17.13,18-09-2024
EUROPE,BLR,BELARUS,2017,20.12,18-09-2024
EUROPE,BLR,BELARUS,2018,19.09,18-09-2024
EUROPE,BLR,BELARUS,2019,22.64,18-09-2024
EUROPE,BLR,BELARUS,2020,25.93,18-09-2024
EUROPE,BLR,BELARUS,2021,19.7,18-09-2024
EUROPE,BLR,BELARUS,2022,16.77,18-09-2024
EUROPE,BLR,BELARUS,2023,20.42,24-09-2025
EUROPE,BEL,BELGIUM,2016,24.31,24-09-2025
EUROPE,BEL,BELGIUM,2017,22.89,24-09-2025
EUROPE,BEL,BELGIUM,2018,22.41,24-09-2025
EUROPE,BEL,BELGIUM,2019,21.51,24-09-2025
EUROPE,BEL,BELGIUM,2020,16.83,24-09-2025
EUROPE,BEL,BELGIUM,2021,17.62,24-09-2025
EUROPE,BEL,BELGIUM,2022,20.68,24-09-2025
EUROPE,BEL,BELGIUM,2023,20.93,24-09-2025
AFRICA,BEN,BENIN,2016,21.93,18-09-2024
AFRICA,BEN,BENIN,2017,27.37,18-09-2024
AFRICA,BEN,BENIN,2018,23.17,18-09-2024
AFRICA,BEN,BENIN,2019,18.09,18-09-2024
AFRICA,BEN,BENIN,2020,14.15,18-09-2024
AFRICA,BEN,BENIN,2021,17.43,18-09-2024
AFRICA,BEN,BENIN,2022,21.82,18-09-2024
AFRICA,BEN,BENIN,2023,22.48,24-09-2025
"SOUTH-EAST ASIA",BTN,BHUTAN,2019,11.78,24-09-2025
"SOUTH-EAST ASIA",BTN,BHUTAN,2020,9.47,24-09-2025
"SOUTH-EAST ASIA",BTN,BHUTAN,2021,9.58,24-09-2025
"SOUTH-EAST ASIA",BTN,BHUTAN,2022,12.77,24-09-2025
"SOUTH-EAST ASIA",BTN,BHUTAN,2023,12.15,24-09-2025
"WESTERN PACIFIC",BRN,"BRUNEI DARUSSALAM",2023,9.3,24-09-2025
AFRICA,BFA,"BURKINA FASO",2017,19.51,24-09-2025
AFRICA,BFA,"BURKINA FASO",2018,21.04,24-09-2025
AFRICA,BFA,"BURKINA FASO",2019,18.45,24-09-2025
AFRICA,BFA,"BURKINA FASO",2020,20.17,24-09-2025
AFRICA,BFA,"BURKINA FASO",2021,18.45,24-09-2025
AFRICA,BFA,"BURKINA FASO",2022,20.1,24-09-2025
AFRICA,BFA,"BURKINA FASO",2023,20.24,24-09-2025
AMERICAS,CAN,CANADA,2022,14.79,18-09-2024
AMERICAS,CAN,CANADA,2023,14.4,24-09-2025
GLOBAL,HKG,"CHINA, HONG KONG SPECIAL ADMINISTRATIVE REGION",2021,13.65,18-09-2024
GLOBAL,HKG,"CHINA, HONG KONG SPECIAL ADMINISTRATIVE REGION",2022,14.11,18-09-2024
GLOBAL,HKG,"CHINA, HONG KONG SPECIAL ADMINISTRATIVE REGION",2023,17.32,24-09-2025
AMERICAS,COL,COLOMBIA,2018,22.27,18-09-2024
AMERICAS,COL,COLOMBIA,2019,19.81,18-09-2024
AMERICAS,COL,COLOMBIA,2020,22.3,18-09-2024
AMERICAS,COL,COLOMBIA,2021,26.12,18-09-2024
AMERICAS,COL,COLOMBIA,2022,18.38,24-09-2025
AMERICAS,COL,COLOMBIA,2023,22.68,24-09-2025
AFRICA,CIV,"COTE D'IVOIRE",2021,16.53,24-09-2025
AFRICA,CIV,"COTE D'IVOIRE",2022,19.67,24-09-2025
AFRICA,CIV,"COTE D'IVOIRE",2023,10.15,24-09-2025
EUROPE,HRV,CROATIA,2016,19.68,24-09-2025
EUROPE,HRV,CROATIA,2017,19.83,24-09-2025
EUROPE,HRV,CROATIA,2018,20.35,24-09-2025
EUROPE,HRV,CROATIA,2019,20.55,24-09-2025
EUROPE,HRV,CROATIA,2020,17.29,24-09-2025
EUROPE,HRV,CROATIA,2021,18.34,24-09-2025
EUROPE,HRV,CROATIA,2022,20.42,24-09-2025
EUROPE,HRV,CROATIA,2023,21.48,24-09-2025
EUROPE,CYP,CYPRUS,2016,28.82,18-09-2024
EUROPE,CYP,CYPRUS,2017,29.31,18-09-2024
EUROPE,CYP,CYPRUS,2018,28.04,18-09-2024
EUROPE,CYP,CYPRUS,2019,30.39,18-09-2024
EUROPE,CYP,CYPRUS,2020,29.42,18-09-2024
EUROPE,CYP,CYPRUS,2021,25.59,18-09-2024
EUROPE,CYP,CYPRUS,2022,34.13,18-09-2024
EUROPE,CZE,CZECHIA,2019,17.38,24-09-2025
EUROPE,CZE,CZECHIA,2020,13.91,24-09-2025
EUROPE,CZE,CZECHIA,2021,14.06,18-09-2024
EUROPE,CZE,CZECHIA,2022,17.31,24-09-2025
EUROPE,CZE,CZECHIA,2023,18.91,24-09-2025
EUROPE,DNK,DENMARK,2016,17.08,24-09-2025
EUROPE,DNK,DENMARK,2017,16.31,24-09-2025
EUROPE,DNK,DENMARK,2018,15.63,24-09-2025
EUROPE,DNK,DENMARK,2019,15.38,24-09-2025
EUROPE,DNK,DENMARK,2020,14.32,24-09-2025
EUROPE,DNK,DENMARK,2021,14.44,24-09-2025
EUROPE,DNK,DENMARK,2022,15.13,24-09-2025
EUROPE,DNK,DENMARK,2023,16.14,24-09-2025
"EASTERN MEDITERRANEAN",EGY,EGYPT,2020,28.66,24-09-2025
"EASTERN MEDITERRANEAN",EGY,EGYPT,2021,30.51,24-09-2025
"EASTERN MEDITERRANEAN",EGY,EGYPT,2022,31.02,24-09-2025
"EASTERN MEDITERRANEAN",EGY,EGYPT,2023,29.32,24-09-2025
EUROPE,EST,ESTONIA,2016,11.71,24-09-2025
EUROPE,EST,ESTONIA,2017,11.82,24-09-2025
EUROPE,EST,ESTONIA,2018,11.94,24-09-2025
EUROPE,EST,ESTONIA,2019,11.96,24-09-2025
EUROPE,EST,ESTONIA,2020,10.64,24-09-2025
EUROPE,EST,ESTONIA,2021,10.24,24-09-2025
EUROPE,EST,ESTONIA,2022,12.41,24-09-2025
EUROPE,EST,ESTONIA,2023,12.85,24-09-2025
AFRICA,ETH,ETHIOPIA,2020,10.51,24-09-2025
AFRICA,ETH,ETHIOPIA,2021,12.6,24-09-2025
AFRICA,ETH,ETHIOPIA,2022,11.32,24-09-2025
AFRICA,ETH,ETHIOPIA,2023,10.92,24-09-2025
EUROPE,FIN,FINLAND,2016,16.42,24-09-2025
EUROPE,FIN,FINLAND,2017,14.93,24-09-2025
EUROPE,FIN,FINLAND,2018,14.61,24-09-2025
EUROPE,FIN,FINLAND,2019,13.95,24-09-2025
EUROPE,FIN,FINLAND,2020,11.3,24-09-2025
EUROPE,FIN,FINLAND,2021,10.79,24-09-2025
EUROPE,FIN,FINLAND,2022,11.97,24-09-2025
EUROPE,FIN,FINLAND,2023,12.43,24-09-2025
EUROPE,FRA,FRANCE,2016,25.81,24-09-2025
EUROPE,FRA,FRANCE,2017,24.88,24-09-2025
EUROPE,FRA,FRANCE,2018,25.38,24-09-2025
EUROPE,FRA,FRANCE,2019,25.09,24-09-2025
EUROPE,FRA,FRANCE,2020,20.37,24-09-2025
EUROPE,FRA,FRANCE,2021,21.67,24-09-2025
EUROPE,FRA,FRANCE,2022,24.44,24-09-2025
EUROPE,FRA,FRANCE,2023,24.28,24-09-2025
AFRICA,GAB,GABON,2020,15.78,24-09-2025
AFRICA,GAB,GABON,2021,18.74,18-09-2024
AFRICA,GAB,GABON,2023,11.26,24-09-2025
EUROPE,GEO,GEORGIA,2016,22.37,18-09-2024
EUROPE,GEO,GEORGIA,2017,25.06,18-09-2024
EUROPE,GEO,GEORGIA,2018,20.75,24-09-2025
EUROPE,GEO,GEORGIA,2019,16.41,24-09-2025
EUROPE,GEO,GEORGIA,2020,14.42,24-09-2025
EUROPE,GEO,GEORGIA,2021,24.85,18-09-2024
EUROPE,GEO,GEORGIA,2022,19.88,18-09-2024
EUROPE,GEO,GEORGIA,2023,24.27,24-09-2025
EUROPE,DEU,GERMANY,2016,12.85,24-09-2025
EUROPE,DEU,GERMANY,2017,12.56,24-09-2025
EUROPE,DEU,GERMANY,2018,11.71,24-09-2025
EUROPE,DEU,GERMANY,2019,11.42,24-09-2025
EUROPE,DEU,GERMANY,2020,9.06,24-09-2025
EUROPE,DEU,GERMANY,2021,8.24,24-09-2025
EUROPE,DEU,GERMANY,2022,10.25,24-09-2025
EUROPE,DEU,GERMANY,2023,13.48,24-09-2025
AMERICAS,HND,HONDURAS,2019,6.52,24-09-2025
AMERICAS,HND,HONDURAS,2020,6.09,24-09-2025
AMERICAS,HND,HONDURAS,2021,4.56,24-09-2025
AMERICAS,HND,HONDURAS,2022,3.56,24-09-2025
AMERICAS,HND,HONDURAS,2023,5.66,24-09-2025
EUROPE,HUN,HUNGARY,2016,14.96,24-09-2025
EUROPE,HUN,HUNGARY,2017,15.13,24-09-2025
EUROPE,HUN,HUNGARY,2018,15.42,24-09-2025
EUROPE,HUN,HUNGARY,2019,15.04,24-09-2025
EUROPE,HUN,HUNGARY,2020,11.85,24-09-2025
EUROPE,HUN,HUNGARY,2021,12.58,24-09-2025
EUROPE,HUN,HUNGARY,2022,14.97,24-09-2025
EUROPE,HUN,HUNGARY,2023,14.67,24-09-2025
EUROPE,ISL,ICELAND,2016,18.07,24-09-2025
EUROPE,ISL,ICELAND,2017,20.05,24-09-2025
EUROPE,ISL,ICELAND,2018,19.73,24-09-2025
EUROPE,ISL,ICELAND,2019,18.63,24-09-2025
EUROPE,ISL,ICELAND,2020,16.1,24-09-2025
EUROPE,ISL,ICELAND,2021,16.2,24-09-2025
EUROPE,ISL,ICELAND,2022,18.02,24-09-2025
EUROPE,ISL,ICELAND,2023,18.06,24-09-2025
"SOUTH-EAST ASIA",IDN,INDONESIA,2023,26.16,24-09-2025
"EASTERN MEDITERRANEAN",IRN,"IRAN (ISLAMIC REPUBLIC OF)",2020,51.55,18-09-2024
"EASTERN MEDITERRANEAN",IRN,"IRAN (ISLAMIC REPUBLIC OF)",2021,60.39,18-09-2024
"EASTERN MEDITERRANEAN",IRN,"IRAN (ISLAMIC REPUBLIC OF)",2022,67.68,18-09-2024
"EASTERN MEDITERRANEAN",IRN,"IRAN (ISLAMIC REPUBLIC OF)",2023,65.48,24-09-2025
EUROPE,IRL,IRELAND,2016,21.93,24-09-2025
EUROPE,IRL,IRELAND,2017,20.86,24-09-2025
EUROPE,IRL,IRELAND,2018,22.33,24-09-2025
EUROPE,IRL,IRELAND,2019,22.68,24-09-2025
EUROPE,IRL,IRELAND,2020,18.55,24-09-2025
EUROPE,IRL,IRELAND,2021,17.74,24-09-2025
EUROPE,IRL,IRELAND,2022,22.94,24-09-2025
EUROPE,IRL,IRELAND,2023,22.77,24-09-2025
EUROPE,ITA,ITALY,2016,26.26,24-09-2025
EUROPE,ITA,ITALY,2017,22.95,24-09-2025
EUROPE,ITA,ITALY,2018,23.57,24-09-2025
EUROPE,ITA,ITALY,2019,23.99,24-09-2025
EUROPE,ITA,ITALY,2020,20.53,24-09-2025
EUROPE,ITA,ITALY,2021,19.67,24-09-2025
EUROPE,ITA,ITALY,2022,24.03,24-09-2025
EUROPE,ITA,ITALY,2023,25.15,24-09-2025
"EASTERN MEDITERRANEAN",JOR,JORDAN,2017,43.38,18-09-2024
"EASTERN MEDITERRANEAN",JOR,JORDAN,2018,36.27,18-09-2024
"EASTERN MEDITERRANEAN",JOR,JORDAN,2019,29.56,18-09-2024
"EASTERN MEDITERRANEAN",JOR,JORDAN,2020,27.96,18-09-2024
"EASTERN MEDITERRANEAN",JOR,JORDAN,2021,27.48,18-09-2024
"EASTERN MEDITERRANEAN",JOR,JORDAN,2022,34.27,18-09-2024
"EASTERN MEDITERRANEAN",JOR,JORDAN,2023,36.3,24-09-2025
AFRICA,KEN,KENYA,2018,66.6,18-09-2024
AFRICA,KEN,KENYA,2019,30.49,18-09-2024
AFRICA,KEN,KENYA,2020,14.04,18-09-2024
AFRICA,KEN,KENYA,2021,18.8,18-09-2024
"EASTERN MEDITERRANEAN",KWT,KUWAIT,2022,23.01,24-09-2025
"EASTERN MEDITERRANEAN",KWT,KUWAIT,2023,32.51,24-09-2025
"WESTERN PACIFIC",LAO,"LAO PEOPLE'S DEMOCRATIC REPUBLIC",2019,22.25,24-09-2025
"WESTERN PACIFIC",LAO,"LAO PEOPLE'S DEMOCRATIC REPUBLIC",2020,20.84,24-09-2025
"WESTERN PACIFIC",LAO,"LAO PEOPLE'S DEMOCRATIC REPUBLIC",2021,20.41,24-09-2025
"WESTERN PACIFIC",LAO,"LAO PEOPLE'S DEMOCRATIC REPUBLIC",2022,30.03,18-09-2024
"WESTERN PACIFIC",LAO,"LAO PEOPLE'S DEMOCRATIC REPUBLIC",2023,18.44,24-09-2025
EUROPE,LVA,LATVIA,2016,13.64,24-09-2025
EUROPE,LVA,LATVIA,2017,14.21,24-09-2025
EUROPE,LVA,LATVIA,2018,14.03,24-09-2025
EUROPE,LVA,LATVIA,2019,14.12,24-09-2025
EUROPE,LVA,LATVIA,2020,12.12,24-09-2025
EUROPE,LVA,LATVIA,2021,11.86,24-09-2025
EUROPE,LVA,LATVIA,2022,15.02,24-09-2025
EUROPE,LVA,LATVIA,2023,15.05,24-09-2025
EUROPE,LTU,LITHUANIA,2016,16.73,24-09-2025
EUROPE,LTU,LITHUANIA,2017,16.86,24-09-2025
EUROPE,LTU,LITHUANIA,2018,16.38,24-09-2025
EUROPE,LTU,LITHUANIA,2019,16.12,24-09-2025
EUROPE,LTU,LITHUANIA,2020,14.16,24-09-2025
EUROPE,LTU,LITHUANIA,2021,13.71,24-09-2025
EUROPE,LTU,LITHUANIA,2022,18.6,24-09-2025
EUROPE,LTU,LITHUANIA,2023,18.92,24-09-2025
"WESTERN PACIFIC",MYS,MALAYSIA,2022,11.42,24-09-2025
"WESTERN PACIFIC",MYS,MALAYSIA,2023,24.49,24-09-2025
"SOUTH-EAST ASIA",MDV,MALDIVES,2017,29.93,24-09-2025
"SOUTH-EAST ASIA",MDV,MALDIVES,2018,25.23,24-09-2025
"SOUTH-EAST ASIA",MDV,MALDIVES,2019,16.28,24-09-2025
"SOUTH-EAST ASIA",MDV,MALDIVES,2020,16.85,24-09-2025
"SOUTH-EAST ASIA",MDV,MALDIVES,2021,19.45,24-09-2025
"SOUTH-EAST ASIA",MDV,MALDIVES,2022,20.97,24-09-2025
"SOUTH-EAST ASIA",MDV,MALDIVES,2023,29.79,24-09-2025
AFRICA,MLI,MALI,2017,6.71,18-09-2024
AFRICA,MLI,MALI,2018,11.01,18-09-2024
AFRICA,MLI,MALI,2019,11.35,18-09-2024
AFRICA,MLI,MALI,2020,14.19,24-09-2025
AFRICA,MLI,MALI,2021,20.29,24-09-2025
AFRICA,MLI,MALI,2022,8.42,24-09-2025
EUROPE,MLT,MALTA,2016,20.96,24-09-2025
EUROPE,MLT,MALTA,2017,22.56,24-09-2025
EUROPE,MLT,MALTA,2018,21.4,24-09-2025
EUROPE,MLT,MALTA,2019,22.03,24-09-2025
EUROPE,MLT,MALTA,2020,17.81,24-09-2025
EUROPE,MLT,MALTA,2021,16.84,24-09-2025
EUROPE,MLT,MALTA,2022,25.39,24-09-2025
EUROPE,MLT,MALTA,2023,24.85,24-09-2025
EUROPE,MNE,MONTENEGRO,2016,28.93,18-09-2024
EUROPE,MNE,MONTENEGRO,2017,27.21,18-09-2024
EUROPE,MNE,MONTENEGRO,2018,27.11,18-09-2024
EUROPE,MNE,MONTENEGRO,2019,27.24,18-09-2024
EUROPE,MNE,MONTENEGRO,2020,28.13,18-09-2024
EUROPE,MNE,MONTENEGRO,2021,32.19,18-09-2024
EUROPE,MNE,MONTENEGRO,2022,32.63,18-09-2024
EUROPE,MNE,MONTENEGRO,2023,31.68,24-09-2025
"SOUTH-EAST ASIA",NPL,NEPAL,2016,40.51,18-09-2024
"SOUTH-EAST ASIA",NPL,NEPAL,2017,50.51,18-09-2024
"SOUTH-EAST ASIA",NPL,NEPAL,2018,48.15,18-09-2024
"SOUTH-EAST ASIA",NPL,NEPAL,2019,56.27,18-09-2024
"SOUTH-EAST ASIA",NPL,NEPAL,2020,49.5,18-09-2024
"SOUTH-EAST ASIA",NPL,NEPAL,2021,78.04,18-09-2024
"SOUTH-EAST ASIA",NPL,NEPAL,2022,32.28,18-09-2024
"SOUTH-EAST ASIA",NPL,NEPAL,2023,33.28,24-09-2025
EUROPE,NOR,NORWAY,2016,12.81,24-09-2025
EUROPE,NOR,NORWAY,2017,12.26,24-09-2025
EUROPE,NOR,NORWAY,2018,11.76,24-09-2025
EUROPE,NOR,NORWAY,2019,12.06,24-09-2025
EUROPE,NOR,NORWAY,2020,10.54,24-09-2025
EUROPE,NOR,NORWAY,2021,10.54,24-09-2025
EUROPE,NOR,NORWAY,2022,11.77,24-09-2025
EUROPE,NOR,NORWAY,2023,11.93,24-09-2025
"EASTERN MEDITERRANEAN",PSE,"OCCUPIED PALESTINIAN TERRITORY, INCLUDING EAST JERUSALEM",2022,37.87,24-09-2025
"EASTERN MEDITERRANEAN",PSE,"OCCUPIED PALESTINIAN TERRITORY, INCLUDING EAST JERUSALEM",2023,29.12,24-09-2025
"EASTERN MEDITERRANEAN",OMN,OMAN,2021,4.48,18-09-2024
"EASTERN MEDITERRANEAN",OMN,OMAN,2022,6.34,24-09-2025
"EASTERN MEDITERRANEAN",OMN,OMAN,2023,8.56,24-09-2025
"WESTERN PACIFIC",PNG,"PAPUA NEW GUINEA",2022,13.83,24-09-2025
"WESTERN PACIFIC",PNG,"PAPUA NEW GUINEA",2023,13.12,24-09-2025
AMERICAS,PER,PERU,2019,12.37,24-09-2025
AMERICAS,PER,PERU,2020,7.92,24-09-2025
AMERICAS,PER,PERU,2021,8.63,24-09-2025
AMERICAS,PER,PERU,2022,10.12,18-09-2024
EUROPE,POL,POLAND,2016,22,24-09-2025
EUROPE,POL,POLAND,2017,25.61,24-09-2025
EUROPE,POL,POLAND,2018,24.7,24-09-2025
EUROPE,POL,POLAND,2019,24.05,24-09-2025
EUROPE,POL,POLAND,2020,18.91,24-09-2025
EUROPE,POL,POLAND,2021,20.73,24-09-2025
EUROPE,POL,POLAND,2022,23.77,24-09-2025
EUROPE,POL,POLAND,2023,23.97,24-09-2025
EUROPE,PRT,PORTUGAL,2016,18.87,24-09-2025
EUROPE,PRT,PORTUGAL,2017,18.25,24-09-2025
EUROPE,PRT,PORTUGAL,2018,19.05,24-09-2025
EUROPE,PRT,PORTUGAL,2019,19.22,24-09-2025
EUROPE,PRT,PORTUGAL,2020,14.9,24-09-2025
EUROPE,PRT,PORTUGAL,2021,15.09,24-09-2025
EUROPE,PRT,PORTUGAL,2022,18.86,24-09-2025
EUROPE,PRT,PORTUGAL,2023,19.75,24-09-2025
"EASTERN MEDITERRANEAN",QAT,QATAR,2021,3.27,24-09-2025
"EASTERN MEDITERRANEAN",QAT,QATAR,2022,6.6,24-09-2025
"EASTERN MEDITERRANEAN",QAT,QATAR,2023,11.44,24-09-2025
"WESTERN PACIFIC",KOR,"REPUBLIC OF KOREA",2021,20.19,18-09-2024
"WESTERN PACIFIC",KOR,"REPUBLIC OF KOREA",2022,26.8,24-09-2025
"WESTERN PACIFIC",KOR,"REPUBLIC OF KOREA",2023,33.06,24-09-2025
EUROPE,ROU,ROMANIA,2016,25.2,24-09-2025
EUROPE,ROU,ROMANIA,2017,25.37,24-09-2025
EUROPE,ROU,ROMANIA,2018,25.79,24-09-2025
EUROPE,ROU,ROMANIA,2019,26.81,24-09-2025
EUROPE,ROU,ROMANIA,2020,26.14,24-09-2025
EUROPE,ROU,ROMANIA,2021,26.73,24-09-2025
EUROPE,ROU,ROMANIA,2022,28.67,24-09-2025
EUROPE,ROU,ROMANIA,2023,28.72,24-09-2025
EUROPE,RUS,"RUSSIAN FEDERATION",2016,15.55,18-09-2024
EUROPE,RUS,"RUSSIAN FEDERATION",2017,16.26,18-09-2024
EUROPE,RUS,"RUSSIAN FEDERATION",2018,15.21,18-09-2024
EUROPE,RUS,"RUSSIAN FEDERATION",2019,15.74,18-09-2024
EUROPE,RUS,"RUSSIAN FEDERATION",2020,19.93,18-09-2024
EUROPE,RUS,"RUSSIAN FEDERATION",2021,16.7,18-09-2024
EUROPE,RUS,"RUSSIAN FEDERATION",2022,15.44,18-09-2024
EUROPE,RUS,"RUSSIAN FEDERATION",2023,16.17,24-09-2025
AFRICA,RWA,RWANDA,2022,8.66,24-09-2025
"EASTERN MEDITERRANEAN",SAU,"SAUDI ARABIA",2022,10.41,18-09-2024
"EASTERN MEDITERRANEAN",SAU,"SAUDI ARABIA",2023,9.17,24-09-2025
AFRICA,SEN,SENEGAL,2021,12.91,24-09-2025
AFRICA,SEN,SENEGAL,2022,13.94,24-09-2025
AFRICA,SEN,SENEGAL,2023,12.84,24-09-2025
"WESTERN PACIFIC",SGP,SINGAPORE,2023,9.5,24-09-2025
EUROPE,SVN,SLOVENIA,2016,13.1,24-09-2025
EUROPE,SVN,SLOVENIA,2017,13.24,24-09-2025
EUROPE,SVN,SLOVENIA,2018,13.28,24-09-2025
EUROPE,SVN,SLOVENIA,2019,13.15,24-09-2025
EUROPE,SVN,SLOVENIA,2020,10.33,24-09-2025
EUROPE,SVN,SLOVENIA,2021,10.32,24-09-2025
EUROPE,SVN,SLOVENIA,2022,12.59,24-09-2025
EUROPE,SVN,SLOVENIA,2023,13.62,24-09-2025
AFRICA,ZAF,"SOUTH AFRICA",2018,20.3,18-09-2024
AFRICA,ZAF,"SOUTH AFRICA",2019,10.58,24-09-2025
AFRICA,ZAF,"SOUTH AFRICA",2020,11.58,24-09-2025
AFRICA,ZAF,"SOUTH AFRICA",2021,14.36,24-09-2025
AFRICA,ZAF,"SOUTH AFRICA",2022,18.6,24-09-2025
AFRICA,ZAF,"SOUTH AFRICA",2023,18.87,24-09-2025
EUROPE,ESP,SPAIN,2016,27.74,24-09-2025
EUROPE,ESP,SPAIN,2017,27.11,24-09-2025
EUROPE,ESP,SPAIN,2018,26.66,24-09-2025
EUROPE,ESP,SPAIN,2019,25.46,24-09-2025
EUROPE,ESP,SPAIN,2020,20.27,24-09-2025
EUROPE,ESP,SPAIN,2021,20.58,24-09-2025
EUROPE,ESP,SPAIN,2022,23.95,24-09-2025
EUROPE,ESP,SPAIN,2023,25.39,24-09-2025
"EASTERN MEDITERRANEAN",SDN,SUDAN,2021,15.16,24-09-2025
EUROPE,SWE,SWEDEN,2016,12.17,18-09-2024
EUROPE,SWE,SWEDEN,2017,11.8,18-09-2024
EUROPE,SWE,SWEDEN,2018,11.51,18-09-2024
EUROPE,SWE,SWEDEN,2019,11.13,18-09-2024
EUROPE,SWE,SWEDEN,2020,9.74,18-09-2024
EUROPE,SWE,SWEDEN,2021,9.48,18-09-2024
EUROPE,CHE,SWITZERLAND,2016,11.23,24-09-2025
EUROPE,CHE,SWITZERLAND,2017,10.83,24-09-2025
EUROPE,CHE,SWITZERLAND,2018,10.96,24-09-2025
EUROPE,CHE,SWITZERLAND,2019,10.83,24-09-2025
EUROPE,CHE,SWITZERLAND,2020,9.23,18-09-2024
EUROPE,CHE,SWITZERLAND,2021,8.82,18-09-2024
EUROPE,CHE,SWITZERLAND,2022,10.42,18-09-2024
EUROPE,CHE,SWITZERLAND,2023,11.17,24-09-2025
EUROPE,TJK,TAJIKISTAN,2016,21.02,18-09-2024
EUROPE,TJK,TAJIKISTAN,2017,16.38,18-09-2024
EUROPE,TJK,TAJIKISTAN,2018,19.4,18-09-2024
EUROPE,TJK,TAJIKISTAN,2019,23.19,18-09-2024
EUROPE,TJK,TAJIKISTAN,2020,30.31,18-09-2024
EUROPE,TJK,TAJIKISTAN,2021,20.02,18-09-2024
EUROPE,TJK,TAJIKISTAN,2022,16.73,18-09-2024
EUROPE,TJK,TAJIKISTAN,2023,18.67,24-09-2025
"SOUTH-EAST ASIA",TLS,TIMOR-LESTE,2016,6.77,18-09-2024
"SOUTH-EAST ASIA",TLS,TIMOR-LESTE,2017,8.02,18-09-2024
"SOUTH-EAST ASIA",TLS,TIMOR-LESTE,2018,6.57,18-09-2024
"SOUTH-EAST ASIA",TLS,TIMOR-LESTE,2019,7.78,18-09-2024
"EASTERN MEDITERRANEAN",TUN,TUNISIA,2016,31.17,24-09-2025
"EASTERN MEDITERRANEAN",TUN,TUNISIA,2017,33.72,24-09-2025
"EASTERN MEDITERRANEAN",TUN,TUNISIA,2018,36.6,24-09-2025
"EASTERN MEDITERRANEAN",TUN,TUNISIA,2019,29.36,24-09-2025
"EASTERN MEDITERRANEAN",TUN,TUNISIA,2020,28.78,24-09-2025
"EASTERN MEDITERRANEAN",TUN,TUNISIA,2021,22.92,24-09-2025
"EASTERN MEDITERRANEAN",TUN,TUNISIA,2022,27.98,24-09-2025
"EASTERN MEDITERRANEAN",TUN,TUNISIA,2023,33.55,24-09-2025
AFRICA,UGA,UGANDA,2021,19.64,18-09-2024
AFRICA,UGA,UGANDA,2022,21.65,18-09-2024
AFRICA,UGA,UGANDA,2023,26.36,24-09-2025
EUROPE,UKR,UKRAINE,2016,8.72,24-09-2025
EUROPE,UKR,UKRAINE,2017,11.34,24-09-2025
EUROPE,UKR,UKRAINE,2018,12.21,24-09-2025
EUROPE,UKR,UKRAINE,2019,19.65,24-09-2025
EUROPE,UKR,UKRAINE,2020,17.28,24-09-2025
EUROPE,UKR,UKRAINE,2021,13.21,24-09-2025
EUROPE,UKR,UKRAINE,2022,10.67,24-09-2025
EUROPE,UKR,UKRAINE,2023,10.45,24-09-2025
EUROPE,GBR,"UNITED KINGDOM OF GREAT BRITAIN AND NORTHERN IRELAND",2017,18.99,24-09-2025
EUROPE,GBR,"UNITED KINGDOM OF GREAT BRITAIN AND NORTHERN IRELAND",2018,18.47,24-09-2025
EUROPE,GBR,"UNITED KINGDOM OF GREAT BRITAIN AND NORTHERN IRELAND",2019,18.01,24-09-2025
EUROPE,GBR,"UNITED KINGDOM OF GREAT BRITAIN AND NORTHERN IRELAND",2020,16.03,24-09-2025
EUROPE,GBR,"UNITED KINGDOM OF GREAT BRITAIN AND NORTHERN IRELAND",2021,15.85,24-09-2025
EUROPE,GBR,"UNITED KINGDOM OF GREAT BRITAIN AND NORTHERN IRELAND",2022,16.89,24-09-2025
EUROPE,GBR,"UNITED KINGDOM OF GREAT BRITAIN AND NORTHERN IRELAND",2023,17.08,24-09-2025
AFRICA,TZA,"UNITED REPUBLIC OF TANZANIA",2017,118.9,24-09-2025
AFRICA,TZA,"UNITED REPUBLIC OF TANZANIA",2018,47.25,24-09-2025
AFRICA,TZA,"UNITED REPUBLIC OF TANZANIA",2019,46.07,24-09-2025
AFRICA,TZA,"UNITED REPUBLIC OF TANZANIA",2020,26.54,18-09-2024
AFRICA,TZA,"UNITED REPUBLIC OF TANZANIA",2021,35.63,18-09-2024
AFRICA,TZA,"UNITED REPUBLIC OF TANZANIA",2022,33.74,18-09-2024
AFRICA,TZA,"UNITED REPUBLIC OF TANZANIA",2023,28.7,24-09-2025
AFRICA,ZMB,ZAMBIA,2023,24.07,24-09-2025
