Country,Country_Code,Year,Health_Expenditure_Percent_GDP
AFGHANISTAN,AFG,2003,16.71
AFGHANISTAN,AFG,2004,17.75
AFGHANISTAN,AFG,2005,21.42
AFGHANISTAN,AFG,2006,25.11
AFGHANISTAN,AFG,2007,28.94
AFGHANISTAN,AFG,2008,32.71
AFGHANISTAN,AFG,2009,39.89
AFGHANISTAN,AFG,2010,43.13
AFGHANISTAN,AFG,2011,46.42
AFGHANISTAN,AFG,2012,52.19
AFGHANISTAN,AFG,2013,52.45
AFGHANISTAN,AFG,2014,56.16
AFGHANISTAN,AFG,2015,60.05
AFGHANISTAN,AFG,2016,59.92
AFGHANISTAN,AFG,2017,61.37
AFGHANISTAN,AFG,2018,66.82
AFGHANISTAN,AFG,2019,71.23
AFGHANISTAN,AFG,2020,74.06
AFGHANISTAN,AFG,2021,80.09
AFGHANISTAN,AFG,2022,81.52
AFGHANISTAN,AFG,2023,80.65
"AFRICA EASTERN AND SOUTHERN",AFE,2001,42.69
"AFRICA EASTERN AND SOUTHERN",AFE,2002,37.79
"AFRICA EASTERN AND SOUTHERN",AFE,2003,34.97
"AFRICA EASTERN AND SOUTHERN",AFE,2004,50.22
"AFRICA EASTERN AND SOUTHERN",AFE,2005,61.78
"AFRICA EASTERN AND SOUTHERN",AFE,2006,68.62
"AFRICA EASTERN AND SOUTHERN",AFE,2007,75.06
"AFRICA EASTERN AND SOUTHERN",AFE,2008,84.09
"AFRICA EASTERN AND SOUTHERN",AFE,2009,86.48
"AFRICA EASTERN AND SOUTHERN",AFE,2010,90.14
"AFRICA EASTERN AND SOUTHERN",AFE,2011,1.04
"AFRICA EASTERN AND SOUTHERN",AFE,2012,1.12
"AFRICA EASTERN AND SOUTHERN",AFE,2013,1.09
"AFRICA EASTERN AND SOUTHERN",AFE,2014,1.05
"AFRICA EASTERN AND SOUTHERN",AFE,2015,98.5
"AFRICA EASTERN AND SOUTHERN",AFE,2016,90.8
"AFRICA EASTERN AND SOUTHERN",AFE,2017,85.9
"AFRICA EASTERN AND SOUTHERN",AFE,2018,90.01
"AFRICA EASTERN AND SOUTHERN",AFE,2019,90.08
"AFRICA EASTERN AND SOUTHERN",AFE,2020,87.3
"AFRICA EASTERN AND SOUTHERN",AFE,2021,81.55
"AFRICA EASTERN AND SOUTHERN",AFE,2022,92.39
"AFRICA EASTERN AND SOUTHERN",AFE,2023,92.58
"AFRICA WESTERN AND CENTRAL",AFW,2001,18.2
"AFRICA WESTERN AND CENTRAL",AFW,2002,18.77
"AFRICA WESTERN AND CENTRAL",AFW,2003,19.77
"AFRICA WESTERN AND CENTRAL",AFW,2004,31.37
"AFRICA WESTERN AND CENTRAL",AFW,2005,35.87
"AFRICA WESTERN AND CENTRAL",AFW,2006,41.55
"AFRICA WESTERN AND CENTRAL",AFW,2007,48.37
"AFRICA WESTERN AND CENTRAL",AFW,2008,52.63
"AFRICA WESTERN AND CENTRAL",AFW,2009,60.37
"AFRICA WESTERN AND CENTRAL",AFW,2010,55.57
"AFRICA WESTERN AND CENTRAL",AFW,2011,59.63
"AFRICA WESTERN AND CENTRAL",AFW,2012,65.37
"AFRICA WESTERN AND CENTRAL",AFW,2013,67.93
"AFRICA WESTERN AND CENTRAL",AFW,2014,75.42
"AFRICA WESTERN AND CENTRAL",AFW,2015,78.72
"AFRICA WESTERN AND CENTRAL",AFW,2016,70.67
"AFRICA WESTERN AND CENTRAL",AFW,2017,61.45
"AFRICA WESTERN AND CENTRAL",AFW,2018,58.22
"AFRICA WESTERN AND CENTRAL",AFW,2019,56.12
"AFRICA WESTERN AND CENTRAL",AFW,2020,59.07
"AFRICA WESTERN AND CENTRAL",AFW,2021,64.41
"AFRICA WESTERN AND CENTRAL",AFW,2022,72.24
"AFRICA WESTERN AND CENTRAL",AFW,2023,74.42
ALBANIA,ALB,2001,65.48
ALBANIA,ALB,2002,73.92
ALBANIA,ALB,2003,78.73
ALBANIA,ALB,2004,1.05
ALBANIA,ALB,2005,1.37
ALBANIA,ALB,2006,1.5
ALBANIA,ALB,2007,1.64
ALBANIA,ALB,2008,2.09
ALBANIA,ALB,2009,2.37
ALBANIA,ALB,2010,2.37
ALBANIA,ALB,2011,2.54
ALBANIA,ALB,2012,2.74
ALBANIA,ALB,2013,2.61
ALBANIA,ALB,2014,2.76
ALBANIA,ALB,2015,2.93
ALBANIA,ALB,2016,2.54
ALBANIA,ALB,2017,2.75
ALBANIA,ALB,2018,2.96
ALBANIA,ALB,2019,3.49
ALBANIA,ALB,2020,3.66
ALBANIA,ALB,2021,3.96
ALBANIA,ALB,2022,4.66
ALBANIA,ALB,2023,4.14
ALGERIA,DZA,2001,61.86
ALGERIA,DZA,2002,67.06
ALGERIA,DZA,2003,66.68
ALGERIA,DZA,2004,75.95
ALGERIA,DZA,2005,92.69
ALGERIA,DZA,2006,1.01
ALGERIA,DZA,2007,1.17
ALGERIA,DZA,2008,1.51
ALGERIA,DZA,2009,2.06
ALGERIA,DZA,2010,2.07
ALGERIA,DZA,2011,2.28
ALGERIA,DZA,2012,2.86
ALGERIA,DZA,2013,3.4
ALGERIA,DZA,2014,3.38
ALGERIA,DZA,2015,3.67
ALGERIA,DZA,2016,2.97
ALGERIA,DZA,2017,2.66
ALGERIA,DZA,2018,2.71
ALGERIA,DZA,2019,2.72
ALGERIA,DZA,2020,2.42
ALGERIA,DZA,2021,2.11
ALGERIA,DZA,2022,2.09
ALGERIA,DZA,2023,1.8
ANDORRA,AND,2001,12.95
ANDORRA,AND,2002,13.76
ANDORRA,AND,2003,15.83
ANDORRA,AND,2004,18.86
ANDORRA,AND,2005,20.6
ANDORRA,AND,2006,22.83
ANDORRA,AND,2007,21.56
ANDORRA,AND,2008,23.77
ANDORRA,AND,2009,27.75
ANDORRA,AND,2010,26.63
ANDORRA,AND,2011,32.78
ANDORRA,AND,2012,35.51
ANDORRA,AND,2013,27.85
ANDORRA,AND,2014,28.87
ANDORRA,AND,2015,30.01
ANDORRA,AND,2016,26.72
ANDORRA,AND,2017,27.69
ANDORRA,AND,2018,28.76
ANDORRA,AND,2019,31.58
ANDORRA,AND,2020,30.21
ANDORRA,AND,2021,32.83
ANDORRA,AND,2022,35.36
ANDORRA,AND,2023,31.92
ANGOLA,AGO,2001,13.16
ANGOLA,AGO,2002,29.26
ANGOLA,AGO,2003,29.37
ANGOLA,AGO,2004,35.22
ANGOLA,AGO,2005,50.23
ANGOLA,AGO,2006,54.66
ANGOLA,AGO,2007,70.28
ANGOLA,AGO,2008,93.43
ANGOLA,AGO,2009,1.36
ANGOLA,AGO,2010,1.21
ANGOLA,AGO,2011,96.95
ANGOLA,AGO,2012,1.22
ANGOLA,AGO,2013,1.22
ANGOLA,AGO,2014,1.43
ANGOLA,AGO,2015,1.31
ANGOLA,AGO,2016,1.08
ANGOLA,AGO,2017,94.01
ANGOLA,AGO,2018,1.13
ANGOLA,AGO,2019,84.03
ANGOLA,AGO,2020,64.61
ANGOLA,AGO,2021,55.94
ANGOLA,AGO,2022,67.05
ANGOLA,AGO,2023,1.01
"ANTIGUA AND BARBUDA",ATG,2001,5.2
"ANTIGUA AND BARBUDA",ATG,2002,5.72
"ANTIGUA AND BARBUDA",ATG,2003,5.59
"ANTIGUA AND BARBUDA",ATG,2004,6.14
"ANTIGUA AND BARBUDA",ATG,2005,5.98
"ANTIGUA AND BARBUDA",ATG,2006,6.41
"ANTIGUA AND BARBUDA",ATG,2007,6.65
"ANTIGUA AND BARBUDA",ATG,2008,7.14
"ANTIGUA AND BARBUDA",ATG,2009,6.94
"ANTIGUA AND BARBUDA",ATG,2010,6.1
"ANTIGUA AND BARBUDA",ATG,2011,7.24
"ANTIGUA AND BARBUDA",ATG,2012,7.17
"ANTIGUA AND BARBUDA",ATG,2013,7.54
"ANTIGUA AND BARBUDA",ATG,2014,7.39
"ANTIGUA AND BARBUDA",ATG,2015,8.27
"ANTIGUA AND BARBUDA",ATG,2016,7.89
"ANTIGUA AND BARBUDA",ATG,2017,8.18
"ANTIGUA AND BARBUDA",ATG,2018,7.91
"ANTIGUA AND BARBUDA",ATG,2019,8.56
"ANTIGUA AND BARBUDA",ATG,2020,8.08
"ANTIGUA AND BARBUDA",ATG,2021,8.84
"ANTIGUA AND BARBUDA",ATG,2022,8.43
"ANTIGUA AND BARBUDA",ATG,2023,10.85
"ARAB WORLD",ARB,2001,1.12
"ARAB WORLD",ARB,2002,1.15
"ARAB WORLD",ARB,2003,1.13
"ARAB WORLD",ARB,2004,1.1
"ARAB WORLD",ARB,2005,1.2
"ARAB WORLD",ARB,2006,1.34
"ARAB WORLD",ARB,2007,1.53
"ARAB WORLD",ARB,2008,1.79
"ARAB WORLD",ARB,2009,2.11
"ARAB WORLD",ARB,2010,2.27
"ARAB WORLD",ARB,2011,2.34
"ARAB WORLD",ARB,2012,2.67
"ARAB WORLD",ARB,2013,2.95
"ARAB WORLD",ARB,2014,3.03
"ARAB WORLD",ARB,2015,3.25
"ARAB WORLD",ARB,2016,3.1
"ARAB WORLD",ARB,2017,3.1
"ARAB WORLD",ARB,2018,3.04
"ARAB WORLD",ARB,2019,3.21
"ARAB WORLD",ARB,2020,3.23
"ARAB WORLD",ARB,2021,3.26
"ARAB WORLD",ARB,2022,3.34
"ARAB WORLD",ARB,2023,3.3
ARGENTINA,ARG,2001,7.02
ARGENTINA,ARG,2002,6.69
ARGENTINA,ARG,2003,2.22
ARGENTINA,ARG,2004,2.6
ARGENTINA,ARG,2005,3.09
ARGENTINA,ARG,2006,3.89
ARGENTINA,ARG,2007,4.52
ARGENTINA,ARG,2008,5.67
ARGENTINA,ARG,2009,7.4
ARGENTINA,ARG,2010,7.79
ARGENTINA,ARG,2011,9.76
ARGENTINA,ARG,2012,11.97
ARGENTINA,ARG,2013,13.55
ARGENTINA,ARG,2014,14.09
ARGENTINA,ARG,2015,12.75
ARGENTINA,ARG,2016,15.17
ARGENTINA,ARG,2017,12.52
ARGENTINA,ARG,2018,14.87
ARGENTINA,ARG,2019,12.1
ARGENTINA,ARG,2020,10.11
ARGENTINA,ARG,2021,8.92
ARGENTINA,ARG,2022,10.81
ARGENTINA,ARG,2023,13.71
ARMENIA,ARM,2001,25.66
ARMENIA,ARM,2002,31.91
ARMENIA,ARM,2003,59.21
ARMENIA,ARM,2004,66.32
ARMENIA,ARM,2005,71.65
ARMENIA,ARM,2006,95.55
ARMENIA,ARM,2007,1.25
ARMENIA,ARM,2008,1.7
ARMENIA,ARM,2009,2.62
ARMENIA,ARM,2010,2.48
ARMENIA,ARM,2011,2.92
ARMENIA,ARM,2012,3.25
ARMENIA,ARM,2013,3.32
ARMENIA,ARM,2014,3.93
ARMENIA,ARM,2015,4.04
ARMENIA,ARM,2016,3.66
ARMENIA,ARM,2017,3.6
ARMENIA,ARM,2018,4.1
ARMENIA,ARM,2019,4.28
ARMENIA,ARM,2020,5.34
ARMENIA,ARM,2021,5.35
ARMENIA,ARM,2022,5.96
ARMENIA,ARM,2023,6.75
AUSTRALIA,AUS,2001,16.27
AUSTRALIA,AUS,2002,15.5
AUSTRALIA,AUS,2003,17.53
AUSTRALIA,AUS,2004,22.27
AUSTRALIA,AUS,2005,27.44
AUSTRALIA,AUS,2006,29.96
AUSTRALIA,AUS,2007,31.75
AUSTRALIA,AUS,2008,37.93
AUSTRALIA,AUS,2009,40.83
AUSTRALIA,AUS,2010,39.89
AUSTRALIA,AUS,2011,49.48
AUSTRALIA,AUS,2012,58.77
AUSTRALIA,AUS,2013,60.39
AUSTRALIA,AUS,2014,58.12
AUSTRALIA,AUS,2015,60.98
AUSTRALIA,AUS,2016,52.95
AUSTRALIA,AUS,2017,54.24
AUSTRALIA,AUS,2018,57.81
AUSTRALIA,AUS,2019,58.3
AUSTRALIA,AUS,2020,55.29
AUSTRALIA,AUS,2021,59.53
AUSTRALIA,AUS,2022,70.4
AUSTRALIA,AUS,2023,67.31
AUSTRIA,AUT,2001,22.69
AUSTRIA,AUT,2002,22.83
AUSTRIA,AUT,2003,24.98
AUSTRIA,AUT,2004,30.91
AUSTRIA,AUT,2005,35.95
AUSTRIA,AUT,2006,37.1
AUSTRIA,AUT,2007,38.83
AUSTRIA,AUT,2008,44.79
AUSTRIA,AUT,2009,50.58
AUSTRIA,AUT,2010,49.29
AUSTRIA,AUT,2011,48.01
AUSTRIA,AUT,2012,51.68
AUSTRIA,AUT,2013,49.66
AUSTRIA,AUT,2014,52.35
AUSTRIA,AUT,2015,53.94
AUSTRIA,AUT,2016,46.13
AUSTRIA,AUT,2017,47.1
AUSTRIA,AUT,2018,49.39
AUSTRIA,AUT,2019,53.37
AUSTRIA,AUT,2020,52.63
AUSTRIA,AUT,2021,55.31
AUSTRIA,AUT,2022,65.2
AUSTRIA,AUT,2023,58.52
AZERBAIJAN,AZE,2001,18.64
AZERBAIJAN,AZE,2002,19.19
AZERBAIJAN,AZE,2003,20.46
AZERBAIJAN,AZE,2004,23.62
AZERBAIJAN,AZE,2005,27.19
AZERBAIJAN,AZE,2006,34.35
AZERBAIJAN,AZE,2007,49.87
AZERBAIJAN,AZE,2008,74.66
AZERBAIJAN,AZE,2009,1.12
AZERBAIJAN,AZE,2010,1.35
AZERBAIJAN,AZE,2011,1.53
AZERBAIJAN,AZE,2012,1.85
AZERBAIJAN,AZE,2013,2.35
AZERBAIJAN,AZE,2014,2.52
AZERBAIJAN,AZE,2015,2.8
AZERBAIJAN,AZE,2016,2.36
AZERBAIJAN,AZE,2017,1.7
AZERBAIJAN,AZE,2018,1.67
AZERBAIJAN,AZE,2019,1.8
AZERBAIJAN,AZE,2020,1.99
AZERBAIJAN,AZE,2021,2.45
AZERBAIJAN,AZE,2022,2.51
AZERBAIJAN,AZE,2023,3.04
"BAHAMAS, THE",BHS,2001,9.49
"BAHAMAS, THE",BHS,2002,9.96
"BAHAMAS, THE",BHS,2003,10.21
"BAHAMAS, THE",BHS,2004,10.62
"BAHAMAS, THE",BHS,2005,10.78
"BAHAMAS, THE",BHS,2006,11.53
"BAHAMAS, THE",BHS,2007,12.58
"BAHAMAS, THE",BHS,2008,13.51
"BAHAMAS, THE",BHS,2009,14.29
"BAHAMAS, THE",BHS,2010,14.17
"BAHAMAS, THE",BHS,2011,14.44
"BAHAMAS, THE",BHS,2012,14.42
"BAHAMAS, THE",BHS,2013,15.19
"BAHAMAS, THE",BHS,2014,15.59
"BAHAMAS, THE",BHS,2015,16.19
"BAHAMAS, THE",BHS,2016,15.89
"BAHAMAS, THE",BHS,2017,17.3
"BAHAMAS, THE",BHS,2018,21.19
"BAHAMAS, THE",BHS,2019,19.42
"BAHAMAS, THE",BHS,2020,19.42
"BAHAMAS, THE",BHS,2021,18.71
"BAHAMAS, THE",BHS,2022,20.38
"BAHAMAS, THE",BHS,2023,23.41
BAHRAIN,BHR,2001,4.51
BAHRAIN,BHR,2002,4.58
BAHRAIN,BHR,2003,4.69
BAHRAIN,BHR,2004,5.31
BAHRAIN,BHR,2005,5.28
BAHRAIN,BHR,2006,5.58
BAHRAIN,BHR,2007,5.78
BAHRAIN,BHR,2008,6.77
BAHRAIN,BHR,2009,7.35
BAHRAIN,BHR,2010,8.39
BAHRAIN,BHR,2011,8.67
BAHRAIN,BHR,2012,9.22
BAHRAIN,BHR,2013,10.38
BAHRAIN,BHR,2014,11.15
BAHRAIN,BHR,2015,11.22
BAHRAIN,BHR,2016,11.28
BAHRAIN,BHR,2017,10.96
BAHRAIN,BHR,2018,10.8
BAHRAIN,BHR,2019,10.42
BAHRAIN,BHR,2020,10.3
BAHRAIN,BHR,2021,11.02
BAHRAIN,BHR,2022,11.75
BAHRAIN,BHR,2023,11.11
BANGLADESH,BGD,2001,8.28
BANGLADESH,BGD,2002,8.1
BANGLADESH,BGD,2003,9.05
BANGLADESH,BGD,2004,9.98
BANGLADESH,BGD,2005,10.79
BANGLADESH,BGD,2006,11.31
BANGLADESH,BGD,2007,12.06
BANGLADESH,BGD,2008,14.04
BANGLADESH,BGD,2009,15.56
BANGLADESH,BGD,2010,17.7
BANGLADESH,BGD,2011,20.62
BANGLADESH,BGD,2012,22.77
BANGLADESH,BGD,2013,23.44
BANGLADESH,BGD,2014,26.97
BANGLADESH,BGD,2015,29.91
BANGLADESH,BGD,2016,33.21
BANGLADESH,BGD,2017,39.31
BANGLADESH,BGD,2018,42.18
BANGLADESH,BGD,2019,44.79
BANGLADESH,BGD,2020,47.84
BANGLADESH,BGD,2021,51.01
BANGLADESH,BGD,2022,58.54
BANGLADESH,BGD,2023,61.09
BARBADOS,BRB,2001,6.22
BARBADOS,BRB,2002,6.43
BARBADOS,BRB,2003,6.89
BARBADOS,BRB,2004,8.08
BARBADOS,BRB,2005,9.42
BARBADOS,BRB,2006,9.63
BARBADOS,BRB,2007,10.28
BARBADOS,BRB,2008,10.43
BARBADOS,BRB,2009,11.37
BARBADOS,BRB,2010,11.64
BARBADOS,BRB,2011,11.14
BARBADOS,BRB,2012,11.63
BARBADOS,BRB,2013,12.95
BARBADOS,BRB,2014,12.46
BARBADOS,BRB,2015,11.75
BARBADOS,BRB,2016,11.55
BARBADOS,BRB,2017,11.81
BARBADOS,BRB,2018,11.82
BARBADOS,BRB,2019,11.69
BARBADOS,BRB,2020,11.68
BARBADOS,BRB,2021,12.34
BARBADOS,BRB,2022,13.92
BARBADOS,BRB,2023,13.02
BELARUS,BLR,2001,57.03
BELARUS,BLR,2002,73.37
BELARUS,BLR,2003,85.97
BELARUS,BLR,2004,1.09
BELARUS,BLR,2005,1.41
BELARUS,BLR,2006,1.96
BELARUS,BLR,2007,2.22
BELARUS,BLR,2008,2.79
BELARUS,BLR,2009,3.49
BELARUS,BLR,2010,2.88
BELARUS,BLR,2011,3.41
BELARUS,BLR,2012,3.18
BELARUS,BLR,2013,3.64
BELARUS,BLR,2014,4.55
BELARUS,BLR,2015,4.48
BELARUS,BLR,2016,3.61
BELARUS,BLR,2017,2.97
BELARUS,BLR,2018,3.32
BELARUS,BLR,2019,3.5
BELARUS,BLR,2020,4
BELARUS,BLR,2021,4.2
BELARUS,BLR,2022,4.84
BELARUS,BLR,2023,5.29
BELGIUM,BEL,2001,18.5
BELGIUM,BEL,2002,18.8
BELGIUM,BEL,2003,20.85
BELGIUM,BEL,2004,28.15
BELGIUM,BEL,2005,33.13
BELGIUM,BEL,2006,34.05
BELGIUM,BEL,2007,35.45
BELGIUM,BEL,2008,40.64
BELGIUM,BEL,2009,46.53
BELGIUM,BEL,2010,46.37
BELGIUM,BEL,2011,45.3
BELGIUM,BEL,2012,49.29
BELGIUM,BEL,2013,47.05
BELGIUM,BEL,2014,49.54
BELGIUM,BEL,2015,50.8
BELGIUM,BEL,2016,44.42
BELGIUM,BEL,2017,45.43
BELGIUM,BEL,2018,47.84
BELGIUM,BEL,2019,51.77
BELGIUM,BEL,2020,50.33
BELGIUM,BEL,2021,51.45
BELGIUM,BEL,2022,57.44
BELGIUM,BEL,2023,54.05
BELIZE,BLZ,2001,1.39
BELIZE,BLZ,2002,1.63
BELIZE,BLZ,2003,1.73
BELIZE,BLZ,2004,1.75
BELIZE,BLZ,2005,1.76
BELIZE,BLZ,2006,1.81
BELIZE,BLZ,2007,1.96
BELIZE,BLZ,2008,2.34
BELIZE,BLZ,2009,2.58
BELIZE,BLZ,2010,2.43
BELIZE,BLZ,2011,2.44
BELIZE,BLZ,2012,2.53
BELIZE,BLZ,2013,2.48
BELIZE,BLZ,2014,2.63
BELIZE,BLZ,2015,2.98
BELIZE,BLZ,2016,2.88
BELIZE,BLZ,2017,2.94
BELIZE,BLZ,2018,2.81
BELIZE,BLZ,2019,2.87
BELIZE,BLZ,2020,3
BELIZE,BLZ,2021,2.81
BELIZE,BLZ,2022,3.1
BELIZE,BLZ,2023,2.97
BENIN,BEN,2001,14.42
BENIN,BEN,2002,16.27
BENIN,BEN,2003,16.92
BENIN,BEN,2004,21.07
BENIN,BEN,2005,24.53
BENIN,BEN,2006,25.12
BENIN,BEN,2007,26.6
BENIN,BEN,2008,26.8
BENIN,BEN,2009,28.12
BENIN,BEN,2010,29.59
BENIN,BEN,2011,29.29
BENIN,BEN,2012,31.75
BENIN,BEN,2013,32.96
BENIN,BEN,2014,33.53
BENIN,BEN,2015,32.41
BENIN,BEN,2016,27.35
BENIN,BEN,2017,28.25
BENIN,BEN,2018,28.15
BENIN,BEN,2019,33.22
BENIN,BEN,2020,28.37
BENIN,BEN,2021,32.55
BENIN,BEN,2022,34.04
BENIN,BEN,2023,33.88
BHUTAN,BTN,2001,30.59
BHUTAN,BTN,2002,35.09
BHUTAN,BTN,2003,32.94
BHUTAN,BTN,2004,37.15
BHUTAN,BTN,2005,46.06
BHUTAN,BTN,2006,46.79
BHUTAN,BTN,2007,54.21
BHUTAN,BTN,2008,64.72
BHUTAN,BTN,2009,57.59
BHUTAN,BTN,2010,59.75
BHUTAN,BTN,2011,72.39
BHUTAN,BTN,2012,77.75
BHUTAN,BTN,2013,84.09
BHUTAN,BTN,2014,86.41
BHUTAN,BTN,2015,87.19
BHUTAN,BTN,2016,96.87
BHUTAN,BTN,2017,97.43
BHUTAN,BTN,2018,1.04
BHUTAN,BTN,2019,1.02
BHUTAN,BTN,2020,1.16
BHUTAN,BTN,2021,1.34
BHUTAN,BTN,2022,1.04
BHUTAN,BTN,2023,1.54
BOLIVIA,BOL,2001,42.89
BOLIVIA,BOL,2002,44.88
BOLIVIA,BOL,2003,43.49
BOLIVIA,BOL,2004,46.41
BOLIVIA,BOL,2005,46.35
BOLIVIA,BOL,2006,51.76
BOLIVIA,BOL,2007,56.06
BOLIVIA,BOL,2008,63.62
BOLIVIA,BOL,2009,77.98
BOLIVIA,BOL,2010,89.58
BOLIVIA,BOL,2011,1
BOLIVIA,BOL,2012,1.2
BOLIVIA,BOL,2013,1.35
BOLIVIA,BOL,2014,1.6
BOLIVIA,BOL,2015,1.79
BOLIVIA,BOL,2016,1.96
BOLIVIA,BOL,2017,2.07
BOLIVIA,BOL,2018,2.15
BOLIVIA,BOL,2019,2.31
BOLIVIA,BOL,2020,2.41
BOLIVIA,BOL,2021,2.49
BOLIVIA,BOL,2022,2.76
BOLIVIA,BOL,2023,3.07
"BOSNIA AND HERZEGOVINA",BIH,2001,1.07
"BOSNIA AND HERZEGOVINA",BIH,2002,1.05
"BOSNIA AND HERZEGOVINA",BIH,2003,1.19
"BOSNIA AND HERZEGOVINA",BIH,2004,1.68
"BOSNIA AND HERZEGOVINA",BIH,2005,2.22
"BOSNIA AND HERZEGOVINA",BIH,2006,2.42
"BOSNIA AND HERZEGOVINA",BIH,2007,2.81
"BOSNIA AND HERZEGOVINA",BIH,2008,3.64
"BOSNIA AND HERZEGOVINA",BIH,2009,4.59
"BOSNIA AND HERZEGOVINA",BIH,2010,4.09
"BOSNIA AND HERZEGOVINA",BIH,2011,4.06
"BOSNIA AND HERZEGOVINA",BIH,2012,4.57
"BOSNIA AND HERZEGOVINA",BIH,2013,4.45
"BOSNIA AND HERZEGOVINA",BIH,2014,4.75
"BOSNIA AND HERZEGOVINA",BIH,2015,4.93
"BOSNIA AND HERZEGOVINA",BIH,2016,4.31
"BOSNIA AND HERZEGOVINA",BIH,2017,4.5
"BOSNIA AND HERZEGOVINA",BIH,2018,4.71
"BOSNIA AND HERZEGOVINA",BIH,2019,5.3
"BOSNIA AND HERZEGOVINA",BIH,2020,5.46
"BOSNIA AND HERZEGOVINA",BIH,2021,5.95
"BOSNIA AND HERZEGOVINA",BIH,2022,6.97
"BOSNIA AND HERZEGOVINA",BIH,2023,6.67
BOTSWANA,BWA,2001,2.07
BOTSWANA,BWA,2002,2.03
BOTSWANA,BWA,2003,2.06
BOTSWANA,BWA,2004,2.7
BOTSWANA,BWA,2005,2.97
BOTSWANA,BWA,2006,2.81
BOTSWANA,BWA,2007,2.58
BOTSWANA,BWA,2008,3.05
BOTSWANA,BWA,2009,3.25
BOTSWANA,BWA,2010,3.37
BOTSWANA,BWA,2011,3.9
BOTSWANA,BWA,2012,4.28
BOTSWANA,BWA,2013,4.19
BOTSWANA,BWA,2014,4.33
BOTSWANA,BWA,2015,4.19
BOTSWANA,BWA,2016,3.75
BOTSWANA,BWA,2017,3.89
BOTSWANA,BWA,2018,4.71
BOTSWANA,BWA,2019,4.47
BOTSWANA,BWA,2020,4.38
BOTSWANA,BWA,2021,3.86
BOTSWANA,BWA,2022,4.92
BOTSWANA,BWA,2023,4.78
BRAZIL,BRA,2001,3.14
BRAZIL,BRA,2002,2.72
BRAZIL,BRA,2003,2.48
BRAZIL,BRA,2004,2.53
BRAZIL,BRA,2005,2.98
BRAZIL,BRA,2006,3.88
BRAZIL,BRA,2007,4.9
BRAZIL,BRA,2008,6.08
BRAZIL,BRA,2009,7.14
BRAZIL,BRA,2010,7.29
BRAZIL,BRA,2011,9.06
BRAZIL,BRA,2012,10.43
BRAZIL,BRA,2013,9.69
BRAZIL,BRA,2014,9.94
BRAZIL,BRA,2015,10.31
BRAZIL,BRA,2016,7.96
BRAZIL,BRA,2017,8.1
BRAZIL,BRA,2018,9.55
BRAZIL,BRA,2019,8.8
BRAZIL,BRA,2020,8.68
BRAZIL,BRA,2021,6.81
BRAZIL,BRA,2022,7.68
BRAZIL,BRA,2023,8.49
"BRUNEI DARUSSALAM",BRN,2001,5.19
"BRUNEI DARUSSALAM",BRN,2002,4.74
"BRUNEI DARUSSALAM",BRN,2003,4.83
"BRUNEI DARUSSALAM",BRN,2004,5.46
"BRUNEI DARUSSALAM",BRN,2005,6.31
"BRUNEI DARUSSALAM",BRN,2006,6.57
"BRUNEI DARUSSALAM",BRN,2007,6.65
"BRUNEI DARUSSALAM",BRN,2008,7.1
"BRUNEI DARUSSALAM",BRN,2009,7.92
"BRUNEI DARUSSALAM",BRN,2010,7.39
"BRUNEI DARUSSALAM",BRN,2011,7.96
"BRUNEI DARUSSALAM",BRN,2012,8.65
"BRUNEI DARUSSALAM",BRN,2013,8.69
"BRUNEI DARUSSALAM",BRN,2014,8.35
"BRUNEI DARUSSALAM",BRN,2015,7.85
"BRUNEI DARUSSALAM",BRN,2016,7.31
"BRUNEI DARUSSALAM",BRN,2017,6.79
"BRUNEI DARUSSALAM",BRN,2018,6.36
"BRUNEI DARUSSALAM",BRN,2019,7.48
"BRUNEI DARUSSALAM",BRN,2020,6.78
"BRUNEI DARUSSALAM",BRN,2021,6.58
"BRUNEI DARUSSALAM",BRN,2022,6.66
"BRUNEI DARUSSALAM",BRN,2023,6.66
BULGARIA,BGR,2001,94.52
BULGARIA,BGR,2002,1.2
BULGARIA,BGR,2003,1.48
BULGARIA,BGR,2004,1.96
BULGARIA,BGR,2005,2.33
BULGARIA,BGR,2006,2.68
BULGARIA,BGR,2007,2.94
BULGARIA,BGR,2008,3.61
BULGARIA,BGR,2009,4.56
BULGARIA,BGR,2010,4.59
BULGARIA,BGR,2011,4.85
BULGARIA,BGR,2012,5.56
BULGARIA,BGR,2013,5.59
BULGARIA,BGR,2014,5.47
BULGARIA,BGR,2015,6.05
BULGARIA,BGR,2016,5.21
BULGARIA,BGR,2017,5.62
BULGARIA,BGR,2018,6.25
BULGARIA,BGR,2019,6.9
BULGARIA,BGR,2020,6.98
BULGARIA,BGR,2021,8.57
BULGARIA,BGR,2022,10.47
BULGARIA,BGR,2023,10.11
"BURKINA FASO",BFA,2001,7.34
"BURKINA FASO",BFA,2002,7.49
"BURKINA FASO",BFA,2003,8.49
"BURKINA FASO",BFA,2004,11.39
"BURKINA FASO",BFA,2005,17.03
"BURKINA FASO",BFA,2006,17.43
"BURKINA FASO",BFA,2007,20.56
"BURKINA FASO",BFA,2008,26.94
"BURKINA FASO",BFA,2009,28.79
"BURKINA FASO",BFA,2010,30.57
"BURKINA FASO",BFA,2011,32.75
"BURKINA FASO",BFA,2012,33.7
"BURKINA FASO",BFA,2013,33.67
"BURKINA FASO",BFA,2014,42.27
"BURKINA FASO",BFA,2015,38.25
"BURKINA FASO",BFA,2016,32.34
"BURKINA FASO",BFA,2017,39.52
"BURKINA FASO",BFA,2018,42.94
"BURKINA FASO",BFA,2019,38.92
"BURKINA FASO",BFA,2020,41.05
"BURKINA FASO",BFA,2021,54.29
"BURKINA FASO",BFA,2022,57.22
"BURKINA FASO",BFA,2023,56.76
BURUNDI,BDI,2001,5.68
BURUNDI,BDI,2002,7.51
BURUNDI,BDI,2003,6.47
BURUNDI,BDI,2004,5.87
BURUNDI,BDI,2005,8.88
BURUNDI,BDI,2006,11.13
BURUNDI,BDI,2007,14.11
BURUNDI,BDI,2008,15.26
BURUNDI,BDI,2009,14.67
BURUNDI,BDI,2010,18.32
BURUNDI,BDI,2011,24.45
BURUNDI,BDI,2012,23.17
BURUNDI,BDI,2013,20.01
BURUNDI,BDI,2014,20.26
BURUNDI,BDI,2015,18.07
BURUNDI,BDI,2016,17.68
BURUNDI,BDI,2017,18.59
BURUNDI,BDI,2018,19.17
BURUNDI,BDI,2019,18.68
BURUNDI,BDI,2020,22.24
BURUNDI,BDI,2021,26.22
BURUNDI,BDI,2022,23.22
BURUNDI,BDI,2023,24.69
"CABO VERDE",CPV,2001,59.54
"CABO VERDE",CPV,2002,63.56
"CABO VERDE",CPV,2003,69.12
"CABO VERDE",CPV,2004,84.66
"CABO VERDE",CPV,2005,93.43
"CABO VERDE",CPV,2006,96.09
"CABO VERDE",CPV,2007,1.13
"CABO VERDE",CPV,2008,1.28
"CABO VERDE",CPV,2009,1.28
"CABO VERDE",CPV,2010,1.3
"CABO VERDE",CPV,2011,1.46
"CABO VERDE",CPV,2012,1.57
"CABO VERDE",CPV,2013,1.75
"CABO VERDE",CPV,2014,1.91
"CABO VERDE",CPV,2015,1.93
"CABO VERDE",CPV,2016,1.5
"CABO VERDE",CPV,2017,1.57
"CABO VERDE",CPV,2018,1.85
"CABO VERDE",CPV,2019,2.04
"CABO VERDE",CPV,2020,1.96
"CABO VERDE",CPV,2021,2.35
"CABO VERDE",CPV,2022,2.83
"CABO VERDE",CPV,2023,2.86
CAMBODIA,KHM,2001,19.28
CAMBODIA,KHM,2002,22.19
CAMBODIA,KHM,2003,24.26
CAMBODIA,KHM,2004,25.01
CAMBODIA,KHM,2005,28.81
CAMBODIA,KHM,2006,32.34
CAMBODIA,KHM,2007,32.84
CAMBODIA,KHM,2008,30.78
CAMBODIA,KHM,2009,48.62
CAMBODIA,KHM,2010,55.25
CAMBODIA,KHM,2011,53.59
CAMBODIA,KHM,2012,65.39
CAMBODIA,KHM,2013,68.28
CAMBODIA,KHM,2014,71.31
CAMBODIA,KHM,2015,72.7
CAMBODIA,KHM,2016,71.56
CAMBODIA,KHM,2017,75.23
CAMBODIA,KHM,2018,77.97
CAMBODIA,KHM,2019,91.59
CAMBODIA,KHM,2020,1.13
CAMBODIA,KHM,2021,1.1
CAMBODIA,KHM,2022,1.2
CAMBODIA,KHM,2023,1.1
CAMEROON,CMR,2001,30.44
CAMEROON,CMR,2002,29.82
CAMEROON,CMR,2003,31.8
CAMEROON,CMR,2004,38.56
CAMEROON,CMR,2005,42.25
CAMEROON,CMR,2006,43.11
CAMEROON,CMR,2007,44.52
CAMEROON,CMR,2008,50.31
CAMEROON,CMR,2009,54.59
CAMEROON,CMR,2010,51.15
CAMEROON,CMR,2011,50.03
CAMEROON,CMR,2012,58.33
CAMEROON,CMR,2013,56.96
CAMEROON,CMR,2014,57.23
CAMEROON,CMR,2015,71.61
CAMEROON,CMR,2016,58.38
CAMEROON,CMR,2017,57.99
CAMEROON,CMR,2018,56.75
CAMEROON,CMR,2019,58.33
CAMEROON,CMR,2020,56.79
CAMEROON,CMR,2021,66.17
CAMEROON,CMR,2022,72.57
CAMEROON,CMR,2023,71.98
CANADA,CAN,2001,19.88
CANADA,CAN,2002,20.42
CANADA,CAN,2003,21.35
CANADA,CAN,2004,25.35
CANADA,CAN,2005,28.96
CANADA,CAN,2006,32.68
CANADA,CAN,2007,37.56
CANADA,CAN,2008,41.85
CANADA,CAN,2009,44.51
CANADA,CAN,2010,43.54
CANADA,CAN,2011,50.62
CANADA,CAN,2012,54.02
CANADA,CAN,2013,55.21
CANADA,CAN,2014,54.62
CANADA,CAN,2015,52.12
CANADA,CAN,2016,46.61
CANADA,CAN,2017,46.49
CANADA,CAN,2018,48.99
CANADA,CAN,2019,50.62
CANADA,CAN,2020,51.04
CANADA,CAN,2021,56.49
CANADA,CAN,2022,64.83
CANADA,CAN,2023,62.55
"CARIBBEAN SMALL STATES",CSS,2001,2.91
"CARIBBEAN SMALL STATES",CSS,2002,2.91
"CARIBBEAN SMALL STATES",CSS,2003,3.25
"CARIBBEAN SMALL STATES",CSS,2004,3.52
"CARIBBEAN SMALL STATES",CSS,2005,3.93
"CARIBBEAN SMALL STATES",CSS,2006,4.42
"CARIBBEAN SMALL STATES",CSS,2007,4.86
"CARIBBEAN SMALL STATES",CSS,2008,5.39
"CARIBBEAN SMALL STATES",CSS,2009,5.9
"CARIBBEAN SMALL STATES",CSS,2010,6.05
"CARIBBEAN SMALL STATES",CSS,2011,6.28
"CARIBBEAN SMALL STATES",CSS,2012,6.51
"CARIBBEAN SMALL STATES",CSS,2013,6.81
"CARIBBEAN SMALL STATES",CSS,2014,7.12
"CARIBBEAN SMALL STATES",CSS,2015,7.3
"CARIBBEAN SMALL STATES",CSS,2016,7.53
"CARIBBEAN SMALL STATES",CSS,2017,7.49
"CARIBBEAN SMALL STATES",CSS,2018,7.93
"CARIBBEAN SMALL STATES",CSS,2019,7.97
"CARIBBEAN SMALL STATES",CSS,2020,8.27
"CARIBBEAN SMALL STATES",CSS,2021,8.01
"CARIBBEAN SMALL STATES",CSS,2022,8.63
"CARIBBEAN SMALL STATES",CSS,2023,9.45
"CENTRAL AFRICAN REPUBLIC",CAF,2001,9.91
"CENTRAL AFRICAN REPUBLIC",CAF,2002,9.21
"CENTRAL AFRICAN REPUBLIC",CAF,2003,10.44
"CENTRAL AFRICAN REPUBLIC",CAF,2004,12.15
"CENTRAL AFRICAN REPUBLIC",CAF,2005,12.97
"CENTRAL AFRICAN REPUBLIC",CAF,2006,13.94
"CENTRAL AFRICAN REPUBLIC",CAF,2007,15.15
"CENTRAL AFRICAN REPUBLIC",CAF,2008,18.25
"CENTRAL AFRICAN REPUBLIC",CAF,2009,18.03
"CENTRAL AFRICAN REPUBLIC",CAF,2010,21.38
"CENTRAL AFRICAN REPUBLIC",CAF,2011,17.01
"CENTRAL AFRICAN REPUBLIC",CAF,2012,19.63
"CENTRAL AFRICAN REPUBLIC",CAF,2013,21.33
"CENTRAL AFRICAN REPUBLIC",CAF,2014,17.37
"CENTRAL AFRICAN REPUBLIC",CAF,2015,18.71
"CENTRAL AFRICAN REPUBLIC",CAF,2016,18.44
"CENTRAL AFRICAN REPUBLIC",CAF,2017,21.08
"CENTRAL AFRICAN REPUBLIC",CAF,2018,28.82
"CENTRAL AFRICAN REPUBLIC",CAF,2019,51.35
"CENTRAL AFRICAN REPUBLIC",CAF,2020,35.76
"CENTRAL AFRICAN REPUBLIC",CAF,2021,42.63
"CENTRAL AFRICAN REPUBLIC",CAF,2022,46.25
"CENTRAL AFRICAN REPUBLIC",CAF,2023,47.92
"CENTRAL EUROPE AND THE BALTICS",CEB,2001,2.21
"CENTRAL EUROPE AND THE BALTICS",CEB,2002,2.52
"CENTRAL EUROPE AND THE BALTICS",CEB,2003,2.98
"CENTRAL EUROPE AND THE BALTICS",CEB,2004,3.73
"CENTRAL EUROPE AND THE BALTICS",CEB,2005,4.47
"CENTRAL EUROPE AND THE BALTICS",CEB,2006,5.23
"CENTRAL EUROPE AND THE BALTICS",CEB,2007,5.8
"CENTRAL EUROPE AND THE BALTICS",CEB,2008,7.3
"CENTRAL EUROPE AND THE BALTICS",CEB,2009,9.28
"CENTRAL EUROPE AND THE BALTICS",CEB,2010,8.43
"CENTRAL EUROPE AND THE BALTICS",CEB,2011,8.69
"CENTRAL EUROPE AND THE BALTICS",CEB,2012,9.21
"CENTRAL EUROPE AND THE BALTICS",CEB,2013,8.64
"CENTRAL EUROPE AND THE BALTICS",CEB,2014,9.11
"CENTRAL EUROPE AND THE BALTICS",CEB,2015,9.32
"CENTRAL EUROPE AND THE BALTICS",CEB,2016,8.16
"CENTRAL EUROPE AND THE BALTICS",CEB,2017,8.52
"CENTRAL EUROPE AND THE BALTICS",CEB,2018,9.39
"CENTRAL EUROPE AND THE BALTICS",CEB,2019,10.55
"CENTRAL EUROPE AND THE BALTICS",CEB,2020,10.92
"CENTRAL EUROPE AND THE BALTICS",CEB,2021,11.83
"CENTRAL EUROPE AND THE BALTICS",CEB,2022,14.06
"CENTRAL EUROPE AND THE BALTICS",CEB,2023,13.61
CHAD,TCD,2001,10.07
CHAD,TCD,2002,11.64
CHAD,TCD,2003,18.02
CHAD,TCD,2004,18.02
CHAD,TCD,2005,27.75
CHAD,TCD,2006,31.28
CHAD,TCD,2007,33.87
CHAD,TCD,2008,34.04
CHAD,TCD,2009,36.9
CHAD,TCD,2010,34.82
CHAD,TCD,2011,35.26
CHAD,TCD,2012,37.36
CHAD,TCD,2013,36.2
CHAD,TCD,2014,38.59
CHAD,TCD,2015,42.16
CHAD,TCD,2016,33.82
CHAD,TCD,2017,31.96
CHAD,TCD,2018,29.99
CHAD,TCD,2019,31.2
CHAD,TCD,2020,30.24
CHAD,TCD,2021,37.73
CHAD,TCD,2022,37.59
CHAD,TCD,2023,40.17
CHILE,CHL,2001,3.53
CHILE,CHL,2002,3.24
CHILE,CHL,2003,3.2
CHILE,CHL,2004,3.46
CHILE,CHL,2005,4.23
CHILE,CHL,2006,4.96
CHILE,CHL,2007,5.66
CHILE,CHL,2008,6.43
CHILE,CHL,2009,7.19
CHILE,CHL,2010,7.31
CHILE,CHL,2011,8.62
CHILE,CHL,2012,9.84
CHILE,CHL,2013,10.71
CHILE,CHL,2014,11.72
CHILE,CHL,2015,11.39
CHILE,CHL,2016,11.22
CHILE,CHL,2017,11.68
CHILE,CHL,2018,13.54
CHILE,CHL,2019,14.31
CHILE,CHL,2020,13.49
CHILE,CHL,2021,12.71
CHILE,CHL,2022,15.77
CHILE,CHL,2023,15.47
CHINA,CHN,2001,42.81
CHINA,CHN,2002,44.36
CHINA,CHN,2003,49.92
CHINA,CHN,2004,56.54
CHINA,CHN,2005,64.28
CHINA,CHN,2006,73
CHINA,CHN,2007,82.48
CHINA,CHN,2008,98.56
CHINA,CHN,2009,1.34
CHINA,CHN,2010,1.65
CHINA,CHN,2011,1.89
CHINA,CHN,2012,2.39
CHINA,CHN,2013,2.85
CHINA,CHN,2014,3.29
CHINA,CHN,2015,3.62
CHINA,CHN,2016,3.93
CHINA,CHN,2017,3.98
CHINA,CHN,2018,4.4
CHINA,CHN,2019,5.04
CHINA,CHN,2020,5.39
CHINA,CHN,2021,5.83
CHINA,CHN,2022,6.7
CHINA,CHN,2023,6.72
COLOMBIA,COL,2001,1.35
COLOMBIA,COL,2002,1.38
COLOMBIA,COL,2003,1.32
COLOMBIA,COL,2004,1.3
COLOMBIA,COL,2005,1.6
COLOMBIA,COL,2006,2.1
COLOMBIA,COL,2007,2.4
COLOMBIA,COL,2008,3.1
COLOMBIA,COL,2009,3.79
COLOMBIA,COL,2010,3.84
COLOMBIA,COL,2011,4.52
COLOMBIA,COL,2012,5.02
COLOMBIA,COL,2013,5.47
COLOMBIA,COL,2014,5.81
COLOMBIA,COL,2015,5.88
COLOMBIA,COL,2016,4.7
COLOMBIA,COL,2017,4.49
COLOMBIA,COL,2018,4.98
COLOMBIA,COL,2019,5.2
COLOMBIA,COL,2020,5.04
COLOMBIA,COL,2021,4.65
COLOMBIA,COL,2022,5.61
COLOMBIA,COL,2023,5.06
COMOROS,COM,2001,47.59
COMOROS,COM,2002,45.35
COMOROS,COM,2003,51.12
COMOROS,COM,2004,63.92
COMOROS,COM,2005,70.62
COMOROS,COM,2006,67.8
COMOROS,COM,2007,65.73
COMOROS,COM,2008,69.87
COMOROS,COM,2009,73.75
COMOROS,COM,2010,69.48
COMOROS,COM,2011,69.22
COMOROS,COM,2012,81.2
COMOROS,COM,2013,77.1
COMOROS,COM,2014,81.82
COMOROS,COM,2015,84.64
COMOROS,COM,2016,61.16
COMOROS,COM,2017,63.53
COMOROS,COM,2018,75.01
COMOROS,COM,2019,74.89
COMOROS,COM,2020,78.24
COMOROS,COM,2021,89.68
COMOROS,COM,2022,1
COMOROS,COM,2023,1.23
"CONGO, DEM. REP.",COD,2001,17.52
"CONGO, DEM. REP.",COD,2002,5.43
"CONGO, DEM. REP.",COD,2003,4.18
"CONGO, DEM. REP.",COD,2004,6.03
"CONGO, DEM. REP.",COD,2005,7.83
"CONGO, DEM. REP.",COD,2006,8.55
"CONGO, DEM. REP.",COD,2007,10.38
"CONGO, DEM. REP.",COD,2008,11.56
"CONGO, DEM. REP.",COD,2009,15.37
"CONGO, DEM. REP.",COD,2010,12.76
"CONGO, DEM. REP.",COD,2011,12.14
"CONGO, DEM. REP.",COD,2012,11.9
"CONGO, DEM. REP.",COD,2013,13.21
