Region,Country,Pathogen,Primary_Antibiotic_Class,Deaths_Associated_with_AMR,Year,Resistance_Prevalence_Percent
"LATIN AMERICA & CARIBBEAN",ARGENTINA,"ESCHERICHIA COLI",CARBAPENEMS,147700,2000,26.9
"LATIN AMERICA & CARIBBEAN",ARGENTINA,"ESCHERICHIA COLI",CARBAPENEMS,50842,2001,10.1
"LATIN AMERICA & CARIBBEAN",ARGENTINA,"ESCHERICHIA COLI","OTHER CLASSES",51203,2002,42.7
"LATIN AMERICA & CARIBBEAN",ARGENTINA,"ESCHERICHIA COLI",FLUOROQUINOLONES,3380,2003,54.7
"LATIN AMERICA & CARIBBEAN",ARGENTINA,"ESCHERICHIA COLI",CARBAPENEMS,182075,2004,72.6
"LATIN AMERICA & CARIBBEAN",ARGENTINA,"ESCHERICHIA COLI",CARBAPENEMS,22947,2005,28.3
"LATIN AMERICA & CARIBBEAN",ARGENTINA,"ESCHERICHIA COLI",CARBAPENEMS,6783,2006,11.2
"LATIN AMERICA & CARIBBEAN",ARGENTINA,"ESCHERICHIA COLI",FLUOROQUINOLONES,162414,2007,24.3
"LATIN AMERICA & CARIBBEAN",ARGENTINA,"ESCHERICHIA COLI",AMINOGLYCOSIDES,12922,2008,19.5
"LATIN AMERICA & CARIBBEAN",ARGENTINA,"ESCHERICHIA COLI",CARBAPENEMS,39724,2009,31.4
"LATIN AMERICA & CARIBBEAN",ARGENTINA,"ESCHERICHIA COLI","OTHER CLASSES",79772,2010,73.3
"LATIN AMERICA & CARIBBEAN",ARGENTINA,"ESCHERICHIA COLI",AMINOGLYCOSIDES,176311,2011,37.8
"LATIN AMERICA & CARIBBEAN",ARGENTINA,"ESCHERICHIA COLI",FLUOROQUINOLONES,82863,2012,39.6
"LATIN AMERICA & CARIBBEAN",ARGENTINA,"ESCHERICHIA COLI","OTHER CLASSES",132633,2013,46.2
"LATIN AMERICA & CARIBBEAN",ARGENTINA,"ESCHERICHIA COLI",BETA-LACTAMS,38904,2014,46.2
"LATIN AMERICA & CARIBBEAN",ARGENTINA,"ESCHERICHIA COLI",AMINOGLYCOSIDES,169298,2015,7.4
"LATIN AMERICA & CARIBBEAN",ARGENTINA,"ESCHERICHIA COLI",AMINOGLYCOSIDES,226059,2016,71
"LATIN AMERICA & CARIBBEAN",ARGENTINA,"ESCHERICHIA COLI",AMINOGLYCOSIDES,192503,2017,47
"LATIN AMERICA & CARIBBEAN",ARGENTINA,"ESCHERICHIA COLI",FLUOROQUINOLONES,182258,2018,54.4
"LATIN AMERICA & CARIBBEAN",ARGENTINA,"ESCHERICHIA COLI",CARBAPENEMS,91148,2019,73
"LATIN AMERICA & CARIBBEAN",ARGENTINA,"ESCHERICHIA COLI","OTHER CLASSES",200811,2020,8.6
"LATIN AMERICA & CARIBBEAN",ARGENTINA,"ESCHERICHIA COLI",FLUOROQUINOLONES,142218,2021,48.1
"LATIN AMERICA & CARIBBEAN",ARGENTINA,"ESCHERICHIA COLI",BETA-LACTAMS,68647,2022,41.3
"LATIN AMERICA & CARIBBEAN",ARGENTINA,"ESCHERICHIA COLI",FLUOROQUINOLONES,13313,2023,79.5
"SOUTH ASIA",BANGLADESH,"ESCHERICHIA COLI","OTHER CLASSES",58498,2000,80.9
"SOUTH ASIA",BANGLADESH,"KLEBSIELLA PNEUMONIAE",FLUOROQUINOLONES,131073,2001,37.8
"SOUTH ASIA",BANGLADESH,"OTHER BACTERIA",BETA-LACTAMS,12222,2002,60.1
"SOUTH ASIA",BANGLADESH,MRSA,"OTHER CLASSES",184895,2002,8.1
"SOUTH ASIA",BANGLADESH,"OTHER GRAM-NEGATIVE",FLUOROQUINOLONES,60069,2003,54.8
"SOUTH ASIA",BANGLADESH,"STREPTOCOCCUS PNEUMONIAE",BETA-LACTAMS,99390,2004,79.2
"SOUTH ASIA",BANGLADESH,"PSEUDOMONAS AERUGINOSA",AMINOGLYCOSIDES,162032,2005,57.5
"SOUTH ASIA",BANGLADESH,"ACINETOBACTER BAUMANNII",AMINOGLYCOSIDES,120776,2006,80.9
"SOUTH ASIA",BANGLADESH,"ESCHERICHIA COLI",BETA-LACTAMS,136388,2007,14.9
"SOUTH ASIA",BANGLADESH,"KLEBSIELLA PNEUMONIAE",AMINOGLYCOSIDES,78714,2008,50.9
"SOUTH ASIA",BANGLADESH,MRSA,BETA-LACTAMS,9190,2009,13.5
"SOUTH ASIA",BANGLADESH,"OTHER BACTERIA",FLUOROQUINOLONES,85304,2009,31.9
"SOUTH ASIA",BANGLADESH,"OTHER GRAM-NEGATIVE",BETA-LACTAMS,79506,2010,39.3
"SOUTH ASIA",BANGLADESH,"STREPTOCOCCUS PNEUMONIAE",BETA-LACTAMS,118721,2011,63.6
"SOUTH ASIA",BANGLADESH,"PSEUDOMONAS AERUGINOSA",CARBAPENEMS,178410,2012,81.8
"SOUTH ASIA",BANGLADESH,"ACINETOBACTER BAUMANNII",FLUOROQUINOLONES,135764,2013,30.9
"SOUTH ASIA",BANGLADESH,"ESCHERICHIA COLI",FLUOROQUINOLONES,167679,2014,9
"SOUTH ASIA",BANGLADESH,"KLEBSIELLA PNEUMONIAE",BETA-LACTAMS,36577,2015,62.3
"SOUTH ASIA",BANGLADESH,MRSA,AMINOGLYCOSIDES,109045,2016,13.7
"SOUTH ASIA",BANGLADESH,"OTHER BACTERIA",FLUOROQUINOLONES,41973,2016,39.7
"SOUTH ASIA",BANGLADESH,"OTHER GRAM-NEGATIVE",CARBAPENEMS,93681,2017,58.7
"SOUTH ASIA",BANGLADESH,"STREPTOCOCCUS PNEUMONIAE",FLUOROQUINOLONES,127052,2018,31.2
"SOUTH ASIA",BANGLADESH,"PSEUDOMONAS AERUGINOSA",FLUOROQUINOLONES,22823,2019,48.3
"SOUTH ASIA",BANGLADESH,"ACINETOBACTER BAUMANNII","OTHER CLASSES",148865,2020,17.1
"SOUTH ASIA",BANGLADESH,"ESCHERICHIA COLI",FLUOROQUINOLONES,181832,2021,5.4
"SOUTH ASIA",BANGLADESH,"KLEBSIELLA PNEUMONIAE",BETA-LACTAMS,34505,2022,7.3
"SOUTH ASIA",BANGLADESH,"OTHER BACTERIA","OTHER CLASSES",189001,2023,65.8
"SOUTH ASIA",BANGLADESH,MRSA,"OTHER CLASSES",208653,2023,42.1
"SOUTH ASIA",BHUTAN,"STREPTOCOCCUS PNEUMONIAE","OTHER CLASSES",21262,2000,10.9
"SOUTH ASIA",BHUTAN,"PSEUDOMONAS AERUGINOSA",CARBAPENEMS,136462,2001,38.5
"SOUTH ASIA",BHUTAN,"ACINETOBACTER BAUMANNII","OTHER CLASSES",109784,2002,10.5
"SOUTH ASIA",BHUTAN,"ESCHERICHIA COLI",AMINOGLYCOSIDES,109633,2003,38.1
"SOUTH ASIA",BHUTAN,"KLEBSIELLA PNEUMONIAE",CARBAPENEMS,110007,2004,51.5
"SOUTH ASIA",BHUTAN,MRSA,AMINOGLYCOSIDES,14892,2005,14.2
"SOUTH ASIA",BHUTAN,"OTHER BACTERIA",CARBAPENEMS,83446,2005,76.3
"SOUTH ASIA",BHUTAN,"OTHER GRAM-NEGATIVE","OTHER CLASSES",125415,2006,5.7
"SOUTH ASIA",BHUTAN,"STREPTOCOCCUS PNEUMONIAE",CARBAPENEMS,153454,2007,28
"SOUTH ASIA",BHUTAN,"PSEUDOMONAS AERUGINOSA",CARBAPENEMS,172097,2008,29.9
"SOUTH ASIA",BHUTAN,"ACINETOBACTER BAUMANNII","OTHER CLASSES",41880,2009,60.1
"SOUTH ASIA",BHUTAN,"ESCHERICHIA COLI","OTHER CLASSES",153029,2010,80.5
"SOUTH ASIA",BHUTAN,"KLEBSIELLA PNEUMONIAE",FLUOROQUINOLONES,154539,2011,45
"SOUTH ASIA",BHUTAN,"OTHER BACTERIA",BETA-LACTAMS,41670,2012,40
"SOUTH ASIA",BHUTAN,MRSA,FLUOROQUINOLONES,230857,2012,19.7
"SOUTH ASIA",BHUTAN,"OTHER GRAM-NEGATIVE",BETA-LACTAMS,75505,2013,69.8
"SOUTH ASIA",BHUTAN,"STREPTOCOCCUS PNEUMONIAE",AMINOGLYCOSIDES,112889,2014,10.7
"SOUTH ASIA",BHUTAN,"PSEUDOMONAS AERUGINOSA","OTHER CLASSES",21786,2015,18.4
"SOUTH ASIA",BHUTAN,"ACINETOBACTER BAUMANNII",AMINOGLYCOSIDES,202641,2016,44.5
"SOUTH ASIA",BHUTAN,"ESCHERICHIA COLI",BETA-LACTAMS,145759,2017,50
"SOUTH ASIA",BHUTAN,"KLEBSIELLA PNEUMONIAE",BETA-LACTAMS,163464,2018,5.8
"SOUTH ASIA",BHUTAN,"OTHER BACTERIA",BETA-LACTAMS,134588,2019,7
"SOUTH ASIA",BHUTAN,MRSA,"OTHER CLASSES",9640,2019,72.4
"SOUTH ASIA",BHUTAN,"OTHER GRAM-NEGATIVE",AMINOGLYCOSIDES,190634,2020,6.2
"SOUTH ASIA",BHUTAN,"STREPTOCOCCUS PNEUMONIAE","OTHER CLASSES",93328,2021,16
"SOUTH ASIA",BHUTAN,"PSEUDOMONAS AERUGINOSA",AMINOGLYCOSIDES,82835,2022,34.1
"SOUTH ASIA",BHUTAN,"ACINETOBACTER BAUMANNII",BETA-LACTAMS,181683,2023,78.3
"LATIN AMERICA & CARIBBEAN",BRAZIL,MRSA,CARBAPENEMS,93757,2000,18.9
"LATIN AMERICA & CARIBBEAN",BRAZIL,MRSA,AMINOGLYCOSIDES,225561,2001,76.5
"LATIN AMERICA & CARIBBEAN",BRAZIL,MRSA,"OTHER CLASSES",91511,2002,40.2
"LATIN AMERICA & CARIBBEAN",BRAZIL,MRSA,CARBAPENEMS,94010,2003,45.4
"LATIN AMERICA & CARIBBEAN",BRAZIL,MRSA,FLUOROQUINOLONES,199413,2004,19.5
"LATIN AMERICA & CARIBBEAN",BRAZIL,MRSA,CARBAPENEMS,5370,2005,74.3
"LATIN AMERICA & CARIBBEAN",BRAZIL,MRSA,AMINOGLYCOSIDES,187767,2006,65.5
"LATIN AMERICA & CARIBBEAN",BRAZIL,MRSA,"OTHER CLASSES",80004,2007,21.9
"LATIN AMERICA & CARIBBEAN",BRAZIL,MRSA,FLUOROQUINOLONES,52869,2008,11.4
"LATIN AMERICA & CARIBBEAN",BRAZIL,MRSA,AMINOGLYCOSIDES,65418,2009,25.1
"LATIN AMERICA & CARIBBEAN",BRAZIL,MRSA,"OTHER CLASSES",154218,2010,37.4
"LATIN AMERICA & CARIBBEAN",BRAZIL,MRSA,"OTHER CLASSES",32973,2011,17.2
"LATIN AMERICA & CARIBBEAN",BRAZIL,MRSA,FLUOROQUINOLONES,172891,2012,56.8
"LATIN AMERICA & CARIBBEAN",BRAZIL,MRSA,FLUOROQUINOLONES,98075,2013,23.3
"LATIN AMERICA & CARIBBEAN",BRAZIL,MRSA,BETA-LACTAMS,78955,2014,57.4
"LATIN AMERICA & CARIBBEAN",BRAZIL,MRSA,BETA-LACTAMS,79998,2015,22.5
"LATIN AMERICA & CARIBBEAN",BRAZIL,MRSA,AMINOGLYCOSIDES,46143,2016,49.6
"LATIN AMERICA & CARIBBEAN",BRAZIL,MRSA,FLUOROQUINOLONES,190185,2017,17.8
"LATIN AMERICA & CARIBBEAN",BRAZIL,MRSA,CARBAPENEMS,140138,2018,84.2
"LATIN AMERICA & CARIBBEAN",BRAZIL,MRSA,CARBAPENEMS,96264,2019,50.6
"LATIN AMERICA & CARIBBEAN",BRAZIL,MRSA,"OTHER CLASSES",55875,2020,10.4
"LATIN AMERICA & CARIBBEAN",BRAZIL,MRSA,FLUOROQUINOLONES,82624,2021,62.9
"LATIN AMERICA & CARIBBEAN",BRAZIL,MRSA,"OTHER CLASSES",185437,2022,39.4
"LATIN AMERICA & CARIBBEAN",BRAZIL,MRSA,"OTHER CLASSES",38967,2023,23.6
"EASTERN EUROPE",BULGARIA,"STREPTOCOCCUS PNEUMONIAE","OTHER CLASSES",7562,2000,35.1
"EASTERN EUROPE",BULGARIA,"PSEUDOMONAS AERUGINOSA",AMINOGLYCOSIDES,56279,2001,61.5
"EASTERN EUROPE",BULGARIA,"ACINETOBACTER BAUMANNII",BETA-LACTAMS,144116,2002,13.3
"EASTERN EUROPE",BULGARIA,"ESCHERICHIA COLI",FLUOROQUINOLONES,135978,2003,10
"EASTERN EUROPE",BULGARIA,"KLEBSIELLA PNEUMONIAE",CARBAPENEMS,89239,2004,22.3
"EASTERN EUROPE",BULGARIA,"OTHER BACTERIA",AMINOGLYCOSIDES,157627,2005,21.3
"EASTERN EUROPE",BULGARIA,MRSA,CARBAPENEMS,216232,2005,55.9
"EASTERN EUROPE",BULGARIA,"OTHER GRAM-NEGATIVE",FLUOROQUINOLONES,79401,2006,40.7
"EASTERN EUROPE",BULGARIA,"STREPTOCOCCUS PNEUMONIAE",BETA-LACTAMS,69175,2007,53.8
"EASTERN EUROPE",BULGARIA,"PSEUDOMONAS AERUGINOSA","OTHER CLASSES",141598,2008,61.3
"EASTERN EUROPE",BULGARIA,"ACINETOBACTER BAUMANNII","OTHER CLASSES",165888,2009,32.5
"EASTERN EUROPE",BULGARIA,"ESCHERICHIA COLI","OTHER CLASSES",95023,2010,62.7
"EASTERN EUROPE",BULGARIA,"KLEBSIELLA PNEUMONIAE",FLUOROQUINOLONES,171208,2011,24.2
"EASTERN EUROPE",BULGARIA,MRSA,AMINOGLYCOSIDES,235224,2012,78.9
"EASTERN EUROPE",BULGARIA,"OTHER BACTERIA",FLUOROQUINOLONES,119909,2012,70.3
"EASTERN EUROPE",BULGARIA,"OTHER GRAM-NEGATIVE","OTHER CLASSES",102213,2013,47.6
"EASTERN EUROPE",BULGARIA,"STREPTOCOCCUS PNEUMONIAE",AMINOGLYCOSIDES,4580,2014,24.2
"EASTERN EUROPE",BULGARIA,"PSEUDOMONAS AERUGINOSA",FLUOROQUINOLONES,163464,2015,83.2
"EASTERN EUROPE",BULGARIA,"ACINETOBACTER BAUMANNII",FLUOROQUINOLONES,55188,2016,19.7
"EASTERN EUROPE",BULGARIA,"ESCHERICHIA COLI",BETA-LACTAMS,14733,2017,41.6
"EASTERN EUROPE",BULGARIA,"KLEBSIELLA PNEUMONIAE",AMINOGLYCOSIDES,111304,2018,20.5
"EASTERN EUROPE",BULGARIA,"OTHER BACTERIA",CARBAPENEMS,25670,2019,13.8
"EASTERN EUROPE",BULGARIA,MRSA,"OTHER CLASSES",103670,2019,5.1
"EASTERN EUROPE",BULGARIA,"OTHER GRAM-NEGATIVE","OTHER CLASSES",59826,2020,54.7
"EASTERN EUROPE",BULGARIA,"STREPTOCOCCUS PNEUMONIAE",FLUOROQUINOLONES,12049,2021,55.4
"EASTERN EUROPE",BULGARIA,"PSEUDOMONAS AERUGINOSA",FLUOROQUINOLONES,15871,2022,17.9
"EASTERN EUROPE",BULGARIA,"ACINETOBACTER BAUMANNII",AMINOGLYCOSIDES,134324,2023,6.6
"SOUTHEAST ASIA",CAMBODIA,"STREPTOCOCCUS PNEUMONIAE",FLUOROQUINOLONES,228578,2000,11.8
"SOUTHEAST ASIA",CAMBODIA,"STREPTOCOCCUS PNEUMONIAE","OTHER CLASSES",86087,2001,18.3
"SOUTHEAST ASIA",CAMBODIA,"STREPTOCOCCUS PNEUMONIAE",FLUOROQUINOLONES,57233,2002,17.9
"SOUTHEAST ASIA",CAMBODIA,"STREPTOCOCCUS PNEUMONIAE",CARBAPENEMS,110575,2003,45.7
"SOUTHEAST ASIA",CAMBODIA,"STREPTOCOCCUS PNEUMONIAE","OTHER CLASSES",45982,2004,22.7
"SOUTHEAST ASIA",CAMBODIA,"STREPTOCOCCUS PNEUMONIAE",BETA-LACTAMS,39669,2005,57.9
"SOUTHEAST ASIA",CAMBODIA,"STREPTOCOCCUS PNEUMONIAE","OTHER CLASSES",46091,2006,56.3
"SOUTHEAST ASIA",CAMBODIA,"STREPTOCOCCUS PNEUMONIAE",CARBAPENEMS,89973,2007,54.8
"SOUTHEAST ASIA",CAMBODIA,"STREPTOCOCCUS PNEUMONIAE",CARBAPENEMS,185911,2008,31.3
"SOUTHEAST ASIA",CAMBODIA,"STREPTOCOCCUS PNEUMONIAE",BETA-LACTAMS,43634,2009,13.5
"SOUTHEAST ASIA",CAMBODIA,"STREPTOCOCCUS PNEUMONIAE",BETA-LACTAMS,91654,2010,35.3
"SOUTHEAST ASIA",CAMBODIA,"STREPTOCOCCUS PNEUMONIAE",AMINOGLYCOSIDES,84641,2011,31
"SOUTHEAST ASIA",CAMBODIA,"STREPTOCOCCUS PNEUMONIAE",CARBAPENEMS,69738,2012,20.7
"SOUTHEAST ASIA",CAMBODIA,"STREPTOCOCCUS PNEUMONIAE",BETA-LACTAMS,40141,2013,76.4
"SOUTHEAST ASIA",CAMBODIA,"STREPTOCOCCUS PNEUMONIAE",CARBAPENEMS,126177,2014,80.3
"SOUTHEAST ASIA",CAMBODIA,"STREPTOCOCCUS PNEUMONIAE",FLUOROQUINOLONES,9476,2015,9.5
"SOUTHEAST ASIA",CAMBODIA,"STREPTOCOCCUS PNEUMONIAE",BETA-LACTAMS,78998,2016,19.9
"SOUTHEAST ASIA",CAMBODIA,"STREPTOCOCCUS PNEUMONIAE",CARBAPENEMS,199331,2017,17.4
"SOUTHEAST ASIA",CAMBODIA,"STREPTOCOCCUS PNEUMONIAE",AMINOGLYCOSIDES,192832,2018,50.3
"SOUTHEAST ASIA",CAMBODIA,"STREPTOCOCCUS PNEUMONIAE",FLUOROQUINOLONES,103264,2019,43.7
"SOUTHEAST ASIA",CAMBODIA,"STREPTOCOCCUS PNEUMONIAE",AMINOGLYCOSIDES,97533,2020,14.5
"SOUTHEAST ASIA",CAMBODIA,"STREPTOCOCCUS PNEUMONIAE",FLUOROQUINOLONES,50766,2021,48.4
"SOUTHEAST ASIA",CAMBODIA,"STREPTOCOCCUS PNEUMONIAE",BETA-LACTAMS,108160,2022,31.5
"SOUTHEAST ASIA",CAMBODIA,"STREPTOCOCCUS PNEUMONIAE",FLUOROQUINOLONES,19009,2023,13.1
"SUB-SAHARAN AFRICA",CAMEROON,"OTHER BACTERIA","OTHER CLASSES",131151,2000,64.5
"SUB-SAHARAN AFRICA",CAMEROON,"OTHER BACTERIA",BETA-LACTAMS,28195,2001,18.9
"SUB-SAHARAN AFRICA",CAMEROON,"OTHER BACTERIA",AMINOGLYCOSIDES,138235,2002,53.8
"SUB-SAHARAN AFRICA",CAMEROON,"OTHER BACTERIA",CARBAPENEMS,62118,2003,65.7
"SUB-SAHARAN AFRICA",CAMEROON,"OTHER BACTERIA",BETA-LACTAMS,64520,2004,25
"SUB-SAHARAN AFRICA",CAMEROON,"OTHER BACTERIA",AMINOGLYCOSIDES,57170,2005,69.2
"SUB-SAHARAN AFRICA",CAMEROON,"OTHER BACTERIA",CARBAPENEMS,161875,2006,57.2
"SUB-SAHARAN AFRICA",CAMEROON,"OTHER BACTERIA",FLUOROQUINOLONES,95808,2007,27.4
"SUB-SAHARAN AFRICA",CAMEROON,"OTHER BACTERIA",CARBAPENEMS,93896,2008,69.5
"SUB-SAHARAN AFRICA",CAMEROON,"OTHER BACTERIA",CARBAPENEMS,132628,2009,53.7
"SUB-SAHARAN AFRICA",CAMEROON,"OTHER BACTERIA",FLUOROQUINOLONES,151329,2010,9.2
"SUB-SAHARAN AFRICA",CAMEROON,"OTHER BACTERIA",BETA-LACTAMS,14012,2011,49.7
"SUB-SAHARAN AFRICA",CAMEROON,"OTHER BACTERIA","OTHER CLASSES",15211,2012,33.9
"SUB-SAHARAN AFRICA",CAMEROON,"OTHER BACTERIA",CARBAPENEMS,170542,2013,60.7
"SUB-SAHARAN AFRICA",CAMEROON,"OTHER BACTERIA",AMINOGLYCOSIDES,13613,2014,55.1
"SUB-SAHARAN AFRICA",CAMEROON,"OTHER BACTERIA",BETA-LACTAMS,116974,2015,27.8
"SUB-SAHARAN AFRICA",CAMEROON,"OTHER BACTERIA",CARBAPENEMS,125845,2016,10.8
"SUB-SAHARAN AFRICA",CAMEROON,"OTHER BACTERIA","OTHER CLASSES",30452,2017,67
"SUB-SAHARAN AFRICA",CAMEROON,"OTHER BACTERIA",FLUOROQUINOLONES,8583,2018,12.4
"SUB-SAHARAN AFRICA",CAMEROON,"OTHER BACTERIA",FLUOROQUINOLONES,74051,2019,81.7
"SUB-SAHARAN AFRICA",CAMEROON,"OTHER BACTERIA",BETA-LACTAMS,52540,2020,34.2
"SUB-SAHARAN AFRICA",CAMEROON,"OTHER BACTERIA","OTHER CLASSES",191542,2021,9.5
"SUB-SAHARAN AFRICA",CAMEROON,"OTHER BACTERIA",CARBAPENEMS,153418,2022,65.2
"SUB-SAHARAN AFRICA",CAMEROON,"OTHER BACTERIA",AMINOGLYCOSIDES,33496,2023,58.2
"HIGH-INCOME NORTH AMERICA",CANADA,"OTHER BACTERIA",AMINOGLYCOSIDES,37319,2000,34
"HIGH-INCOME NORTH AMERICA",CANADA,"STREPTOCOCCUS PNEUMONIAE",BETA-LACTAMS,12265,2000,15.6
"HIGH-INCOME NORTH AMERICA",CANADA,"ACINETOBACTER BAUMANNII",FLUOROQUINOLONES,100630,2000,32.8
"HIGH-INCOME NORTH AMERICA",CANADA,"KLEBSIELLA PNEUMONIAE","OTHER CLASSES",157659,2000,81
"HIGH-INCOME NORTH AMERICA",CANADA,"ACINETOBACTER BAUMANNII",AMINOGLYCOSIDES,165035,2001,10.9
"HIGH-INCOME NORTH AMERICA",CANADA,"STREPTOCOCCUS PNEUMONIAE",AMINOGLYCOSIDES,37248,2001,13.1
"HIGH-INCOME NORTH AMERICA",CANADA,"KLEBSIELLA PNEUMONIAE",AMINOGLYCOSIDES,39380,2001,74.3
"HIGH-INCOME NORTH AMERICA",CANADA,"OTHER BACTERIA","OTHER CLASSES",164723,2001,81.1
"HIGH-INCOME NORTH AMERICA",CANADA,"KLEBSIELLA PNEUMONIAE",BETA-LACTAMS,46414,2002,17.3
"HIGH-INCOME NORTH AMERICA",CANADA,"ACINETOBACTER BAUMANNII",FLUOROQUINOLONES,132329,2002,23.1
"HIGH-INCOME NORTH AMERICA",CANADA,"STREPTOCOCCUS PNEUMONIAE",FLUOROQUINOLONES,141498,2002,72.8
"HIGH-INCOME NORTH AMERICA",CANADA,"OTHER BACTERIA","OTHER CLASSES",156574,2002,12.1
"HIGH-INCOME NORTH AMERICA",CANADA,"STREPTOCOCCUS PNEUMONIAE",BETA-LACTAMS,136540,2003,75.5
"HIGH-INCOME NORTH AMERICA",CANADA,"ACINETOBACTER BAUMANNII",BETA-LACTAMS,35740,2003,37.9
"HIGH-INCOME NORTH AMERICA",CANADA,"OTHER BACTERIA",FLUOROQUINOLONES,107626,2003,69.3
"HIGH-INCOME NORTH AMERICA",CANADA,"KLEBSIELLA PNEUMONIAE",FLUOROQUINOLONES,114551,2003,74
"HIGH-INCOME NORTH AMERICA",CANADA,"ACINETOBACTER BAUMANNII",AMINOGLYCOSIDES,26201,2004,8.4
"HIGH-INCOME NORTH AMERICA",CANADA,"KLEBSIELLA PNEUMONIAE",CARBAPENEMS,60631,2004,76.2
"HIGH-INCOME NORTH AMERICA",CANADA,"STREPTOCOCCUS PNEUMONIAE",FLUOROQUINOLONES,212523,2004,35.4
"HIGH-INCOME NORTH AMERICA",CANADA,"OTHER BACTERIA","OTHER CLASSES",21358,2004,74.8
"HIGH-INCOME NORTH AMERICA",CANADA,"KLEBSIELLA PNEUMONIAE",AMINOGLYCOSIDES,30542,2005,44.4
"HIGH-INCOME NORTH AMERICA",CANADA,"OTHER BACTERIA",BETA-LACTAMS,70064,2005,8.3
"HIGH-INCOME NORTH AMERICA",CANADA,"STREPTOCOCCUS PNEUMONIAE",CARBAPENEMS,10537,2005,20.4
"HIGH-INCOME NORTH AMERICA",CANADA,"ACINETOBACTER BAUMANNII",CARBAPENEMS,7022,2005,21.9
"HIGH-INCOME NORTH AMERICA",CANADA,"STREPTOCOCCUS PNEUMONIAE",AMINOGLYCOSIDES,23795,2006,33.7
"HIGH-INCOME NORTH AMERICA",CANADA,"ACINETOBACTER BAUMANNII",AMINOGLYCOSIDES,35842,2006,62.5
"HIGH-INCOME NORTH AMERICA",CANADA,"OTHER BACTERIA",BETA-LACTAMS,235992,2006,32.3
"HIGH-INCOME NORTH AMERICA",CANADA,"KLEBSIELLA PNEUMONIAE","OTHER CLASSES",132486,2006,16.6
"HIGH-INCOME NORTH AMERICA",CANADA,"ACINETOBACTER BAUMANNII",AMINOGLYCOSIDES,159750,2007,9.4
"HIGH-INCOME NORTH AMERICA",CANADA,"OTHER BACTERIA",BETA-LACTAMS,39278,2007,78.5
"HIGH-INCOME NORTH AMERICA",CANADA,"KLEBSIELLA PNEUMONIAE",BETA-LACTAMS,85701,2007,29.3
"HIGH-INCOME NORTH AMERICA",CANADA,"STREPTOCOCCUS PNEUMONIAE",CARBAPENEMS,152649,2007,81.6
"HIGH-INCOME NORTH AMERICA",CANADA,"OTHER BACTERIA",AMINOGLYCOSIDES,172483,2008,42
"HIGH-INCOME NORTH AMERICA",CANADA,"KLEBSIELLA PNEUMONIAE",BETA-LACTAMS,218089,2008,56.1
"HIGH-INCOME NORTH AMERICA",CANADA,"ACINETOBACTER BAUMANNII",CARBAPENEMS,120833,2008,8.7
"HIGH-INCOME NORTH AMERICA",CANADA,"STREPTOCOCCUS PNEUMONIAE","OTHER CLASSES",91151,2008,32.4
"HIGH-INCOME NORTH AMERICA",CANADA,"OTHER BACTERIA",CARBAPENEMS,208153,2009,32.6
"HIGH-INCOME NORTH AMERICA",CANADA,"ACINETOBACTER BAUMANNII",FLUOROQUINOLONES,38456,2009,39.1
"HIGH-INCOME NORTH AMERICA",CANADA,"STREPTOCOCCUS PNEUMONIAE","OTHER CLASSES",172442,2009,12.3
"HIGH-INCOME NORTH AMERICA",CANADA,"KLEBSIELLA PNEUMONIAE","OTHER CLASSES",193242,2009,31.6
"HIGH-INCOME NORTH AMERICA",CANADA,"KLEBSIELLA PNEUMONIAE",AMINOGLYCOSIDES,151072,2010,57.3
"HIGH-INCOME NORTH AMERICA",CANADA,"STREPTOCOCCUS PNEUMONIAE",AMINOGLYCOSIDES,157061,2010,26
"HIGH-INCOME NORTH AMERICA",CANADA,"OTHER BACTERIA",BETA-LACTAMS,91998,2010,44
"HIGH-INCOME NORTH AMERICA",CANADA,"ACINETOBACTER BAUMANNII","OTHER CLASSES",159163,2010,12.7
"HIGH-INCOME NORTH AMERICA",CANADA,"STREPTOCOCCUS PNEUMONIAE",AMINOGLYCOSIDES,95023,2011,69
"HIGH-INCOME NORTH AMERICA",CANADA,"KLEBSIELLA PNEUMONIAE",CARBAPENEMS,35201,2011,80.4
"HIGH-INCOME NORTH AMERICA",CANADA,"ACINETOBACTER BAUMANNII",FLUOROQUINOLONES,201146,2011,5.6
"HIGH-INCOME NORTH AMERICA",CANADA,"OTHER BACTERIA","OTHER CLASSES",157294,2011,79.2
"HIGH-INCOME NORTH AMERICA",CANADA,"STREPTOCOCCUS PNEUMONIAE",AMINOGLYCOSIDES,195836,2012,23.2
"HIGH-INCOME NORTH AMERICA",CANADA,"ACINETOBACTER BAUMANNII",BETA-LACTAMS,98046,2012,60.5
"HIGH-INCOME NORTH AMERICA",CANADA,"OTHER BACTERIA",FLUOROQUINOLONES,31631,2012,55.9
"HIGH-INCOME NORTH AMERICA",CANADA,"KLEBSIELLA PNEUMONIAE",FLUOROQUINOLONES,53373,2012,16.8
"HIGH-INCOME NORTH AMERICA",CANADA,"OTHER BACTERIA",AMINOGLYCOSIDES,126992,2013,83.4
"HIGH-INCOME NORTH AMERICA",CANADA,"KLEBSIELLA PNEUMONIAE",BETA-LACTAMS,17165,2013,73.4
"HIGH-INCOME NORTH AMERICA",CANADA,"ACINETOBACTER BAUMANNII",BETA-LACTAMS,22302,2013,17.8
"HIGH-INCOME NORTH AMERICA",CANADA,"STREPTOCOCCUS PNEUMONIAE",CARBAPENEMS,144582,2013,62.9
"HIGH-INCOME NORTH AMERICA",CANADA,"OTHER BACTERIA",AMINOGLYCOSIDES,205259,2014,18.5
"HIGH-INCOME NORTH AMERICA",CANADA,"ACINETOBACTER BAUMANNII",AMINOGLYCOSIDES,88785,2014,78.4
"HIGH-INCOME NORTH AMERICA",CANADA,"STREPTOCOCCUS PNEUMONIAE",BETA-LACTAMS,133571,2014,7.5
"HIGH-INCOME NORTH AMERICA",CANADA,"KLEBSIELLA PNEUMONIAE",BETA-LACTAMS,150414,2014,13.6
"HIGH-INCOME NORTH AMERICA",CANADA,"STREPTOCOCCUS PNEUMONIAE",BETA-LACTAMS,108275,2015,16
"HIGH-INCOME NORTH AMERICA",CANADA,"KLEBSIELLA PNEUMONIAE",BETA-LACTAMS,175589,2015,13.6
"HIGH-INCOME NORTH AMERICA",CANADA,"ACINETOBACTER BAUMANNII",CARBAPENEMS,145945,2015,52.7
"HIGH-INCOME NORTH AMERICA",CANADA,"OTHER BACTERIA","OTHER CLASSES",154613,2015,46.9
"HIGH-INCOME NORTH AMERICA",CANADA,"KLEBSIELLA PNEUMONIAE",AMINOGLYCOSIDES,101030,2016,83.7
"HIGH-INCOME NORTH AMERICA",CANADA,"STREPTOCOCCUS PNEUMONIAE",CARBAPENEMS,36818,2016,55
"HIGH-INCOME NORTH AMERICA",CANADA,"OTHER BACTERIA",FLUOROQUINOLONES,156899,2016,57.5
"HIGH-INCOME NORTH AMERICA",CANADA,"ACINETOBACTER BAUMANNII","OTHER CLASSES",132247,2016,32.6
"HIGH-INCOME NORTH AMERICA",CANADA,"OTHER BACTERIA",AMINOGLYCOSIDES,121869,2017,53.7
"HIGH-INCOME NORTH AMERICA",CANADA,"KLEBSIELLA PNEUMONIAE",BETA-LACTAMS,135636,2017,44.1
"HIGH-INCOME NORTH AMERICA",CANADA,"STREPTOCOCCUS PNEUMONIAE",CARBAPENEMS,27971,2017,72.4
"HIGH-INCOME NORTH AMERICA",CANADA,"ACINETOBACTER BAUMANNII",FLUOROQUINOLONES,97388,2017,50.6
"HIGH-INCOME NORTH AMERICA",CANADA,"OTHER BACTERIA",BETA-LACTAMS,155700,2018,33.1
"HIGH-INCOME NORTH AMERICA",CANADA,"ACINETOBACTER BAUMANNII",FLUOROQUINOLONES,108564,2018,53.8
"HIGH-INCOME NORTH AMERICA",CANADA,"STREPTOCOCCUS PNEUMONIAE",FLUOROQUINOLONES,218559,2018,48.4
"HIGH-INCOME NORTH AMERICA",CANADA,"KLEBSIELLA PNEUMONIAE","OTHER CLASSES",39958,2018,76.4
"HIGH-INCOME NORTH AMERICA",CANADA,"OTHER BACTERIA",AMINOGLYCOSIDES,91869,2019,31.6
"HIGH-INCOME NORTH AMERICA",CANADA,"KLEBSIELLA PNEUMONIAE",CARBAPENEMS,94291,2019,76.2
"HIGH-INCOME NORTH AMERICA",CANADA,"STREPTOCOCCUS PNEUMONIAE",FLUOROQUINOLONES,34815,2019,16.2
"HIGH-INCOME NORTH AMERICA",CANADA,"ACINETOBACTER BAUMANNII","OTHER CLASSES",97648,2019,19.2
"HIGH-INCOME NORTH AMERICA",CANADA,"STREPTOCOCCUS PNEUMONIAE",BETA-LACTAMS,121752,2020,79.1
"HIGH-INCOME NORTH AMERICA",CANADA,"OTHER BACTERIA",CARBAPENEMS,52359,2020,55.3
"HIGH-INCOME NORTH AMERICA",CANADA,"ACINETOBACTER BAUMANNII",FLUOROQUINOLONES,5802,2020,6.6
"HIGH-INCOME NORTH AMERICA",CANADA,"KLEBSIELLA PNEUMONIAE","OTHER CLASSES",17558,2020,18.1
"HIGH-INCOME NORTH AMERICA",CANADA,"ACINETOBACTER BAUMANNII",AMINOGLYCOSIDES,116648,2021,29.4
"HIGH-INCOME NORTH AMERICA",CANADA,"KLEBSIELLA PNEUMONIAE",AMINOGLYCOSIDES,44065,2021,14.5
"HIGH-INCOME NORTH AMERICA",CANADA,"OTHER BACTERIA",FLUOROQUINOLONES,100860,2021,53.4
"HIGH-INCOME NORTH AMERICA",CANADA,"STREPTOCOCCUS PNEUMONIAE",FLUOROQUINOLONES,28578,2021,70.9
"HIGH-INCOME NORTH AMERICA",CANADA,"OTHER BACTERIA",BETA-LACTAMS,128301,2022,62.9
"HIGH-INCOME NORTH AMERICA",CANADA,"STREPTOCOCCUS PNEUMONIAE",FLUOROQUINOLONES,183857,2022,58.1
"HIGH-INCOME NORTH AMERICA",CANADA,"KLEBSIELLA PNEUMONIAE",FLUOROQUINOLONES,44461,2022,46.8
"HIGH-INCOME NORTH AMERICA",CANADA,"ACINETOBACTER BAUMANNII","OTHER CLASSES",49346,2022,77.1
"HIGH-INCOME NORTH AMERICA",CANADA,"ACINETOBACTER BAUMANNII",BETA-LACTAMS,181099,2023,79.3
"HIGH-INCOME NORTH AMERICA",CANADA,"KLEBSIELLA PNEUMONIAE",CARBAPENEMS,222377,2023,84.2
"HIGH-INCOME NORTH AMERICA",CANADA,"STREPTOCOCCUS PNEUMONIAE",CARBAPENEMS,68241,2023,20.2
"HIGH-INCOME NORTH AMERICA",CANADA,"OTHER BACTERIA",FLUOROQUINOLONES,75281,2023,60.2
"LATIN AMERICA & CARIBBEAN",CHILE,"PSEUDOMONAS AERUGINOSA",AMINOGLYCOSIDES,70789,2000,74.4
"LATIN AMERICA & CARIBBEAN",CHILE,"PSEUDOMONAS AERUGINOSA",CARBAPENEMS,45083,2001,12
"LATIN AMERICA & CARIBBEAN",CHILE,"PSEUDOMONAS AERUGINOSA","OTHER CLASSES",124111,2002,59.5
"LATIN AMERICA & CARIBBEAN",CHILE,"PSEUDOMONAS AERUGINOSA",FLUOROQUINOLONES,91414,2003,82.7
"LATIN AMERICA & CARIBBEAN",CHILE,"PSEUDOMONAS AERUGINOSA",AMINOGLYCOSIDES,64389,2004,20.3
"LATIN AMERICA & CARIBBEAN",CHILE,"PSEUDOMONAS AERUGINOSA",AMINOGLYCOSIDES,69423,2005,73.3
"LATIN AMERICA & CARIBBEAN",CHILE,"PSEUDOMONAS AERUGINOSA",CARBAPENEMS,166052,2006,45
"LATIN AMERICA & CARIBBEAN",CHILE,"PSEUDOMONAS AERUGINOSA",AMINOGLYCOSIDES,138129,2007,11.2
"LATIN AMERICA & CARIBBEAN",CHILE,"PSEUDOMONAS AERUGINOSA",CARBAPENEMS,43555,2008,81.5
"LATIN AMERICA & CARIBBEAN",CHILE,"PSEUDOMONAS AERUGINOSA",AMINOGLYCOSIDES,34098,2009,56.2
"LATIN AMERICA & CARIBBEAN",CHILE,"PSEUDOMONAS AERUGINOSA",AMINOGLYCOSIDES,36804,2010,43.5
"LATIN AMERICA & CARIBBEAN",CHILE,"PSEUDOMONAS AERUGINOSA",FLUOROQUINOLONES,94787,2011,52.1
"LATIN AMERICA & CARIBBEAN",CHILE,"PSEUDOMONAS AERUGINOSA",AMINOGLYCOSIDES,88220,2012,30.2
"LATIN AMERICA & CARIBBEAN",CHILE,"PSEUDOMONAS AERUGINOSA","OTHER CLASSES",84734,2013,75.9
"LATIN AMERICA & CARIBBEAN",CHILE,"PSEUDOMONAS AERUGINOSA",CARBAPENEMS,146549,2014,11.8
"LATIN AMERICA & CARIBBEAN",CHILE,"PSEUDOMONAS AERUGINOSA",FLUOROQUINOLONES,215044,2015,80.1
"LATIN AMERICA & CARIBBEAN",CHILE,"PSEUDOMONAS AERUGINOSA",BETA-LACTAMS,39857,2016,48.5
"LATIN AMERICA & CARIBBEAN",CHILE,"PSEUDOMONAS AERUGINOSA","OTHER CLASSES",152105,2017,58.9
"LATIN AMERICA & CARIBBEAN",CHILE,"PSEUDOMONAS AERUGINOSA",AMINOGLYCOSIDES,126479,2018,18.6
"LATIN AMERICA & CARIBBEAN",CHILE,"PSEUDOMONAS AERUGINOSA",BETA-LACTAMS,198176,2019,69.7
"LATIN AMERICA & CARIBBEAN",CHILE,"PSEUDOMONAS AERUGINOSA",BETA-LACTAMS,92640,2020,79.5
"LATIN AMERICA & CARIBBEAN",CHILE,"PSEUDOMONAS AERUGINOSA",AMINOGLYCOSIDES,37013,2021,80.2
"LATIN AMERICA & CARIBBEAN",CHILE,"PSEUDOMONAS AERUGINOSA",FLUOROQUINOLONES,220457,2022,18.3
"LATIN AMERICA & CARIBBEAN",CHILE,"PSEUDOMONAS AERUGINOSA",CARBAPENEMS,49953,2023,62.6
"EAST ASIA",CHINA,MRSA,FLUOROQUINOLONES,22799,2000,38.9
"EAST ASIA",CHINA,"OTHER GRAM-NEGATIVE",FLUOROQUINOLONES,65272,2000,47.1
"EAST ASIA",CHINA,"PSEUDOMONAS AERUGINOSA",CARBAPENEMS,29437,2001,10
"EAST ASIA",CHINA,"ESCHERICHIA COLI",CARBAPENEMS,57052,2002,56.8
"EAST ASIA",CHINA,MRSA,CARBAPENEMS,66479,2003,50.1
"EAST ASIA",CHINA,"OTHER GRAM-NEGATIVE",CARBAPENEMS,91342,2003,54.5
"EAST ASIA",CHINA,"PSEUDOMONAS AERUGINOSA",CARBAPENEMS,48981,2004,19.8
"EAST ASIA",CHINA,"ESCHERICHIA COLI",CARBAPENEMS,135460,2005,23.3
"EAST ASIA",CHINA,MRSA,FLUOROQUINOLONES,215489,2006,13.5
"EAST ASIA",CHINA,"OTHER GRAM-NEGATIVE","OTHER CLASSES",152400,2006,48.2
"EAST ASIA",CHINA,"PSEUDOMONAS AERUGINOSA",AMINOGLYCOSIDES,112785,2007,21.7
"EAST ASIA",CHINA,"ESCHERICHIA COLI",FLUOROQUINOLONES,149160,2008,71.6
"EAST ASIA",CHINA,"OTHER GRAM-NEGATIVE",CARBAPENEMS,72827,2009,30.6
"EAST ASIA",CHINA,MRSA,FLUOROQUINOLONES,142591,2009,79.2
"EAST ASIA",CHINA,"PSEUDOMONAS AERUGINOSA",BETA-LACTAMS,56277,2010,30.7
"EAST ASIA",CHINA,"ESCHERICHIA COLI","OTHER CLASSES",51275,2011,42
"EAST ASIA",CHINA,"OTHER GRAM-NEGATIVE",CARBAPENEMS,115372,2012,70.4
"EAST ASIA",CHINA,MRSA,CARBAPENEMS,144221,2012,82.1
"EAST ASIA",CHINA,"PSEUDOMONAS AERUGINOSA",CARBAPENEMS,63230,2013,56.7
"EAST ASIA",CHINA,"ESCHERICHIA COLI",BETA-LACTAMS,215026,2014,18.7
"EAST ASIA",CHINA,"OTHER GRAM-NEGATIVE",BETA-LACTAMS,155758,2015,16.7
"EAST ASIA",CHINA,MRSA,BETA-LACTAMS,15909,2015,14.1
"EAST ASIA",CHINA,"PSEUDOMONAS AERUGINOSA",AMINOGLYCOSIDES,44703,2016,58.9
"EAST ASIA",CHINA,"ESCHERICHIA COLI",CARBAPENEMS,202297,2017,59.6
"EAST ASIA",CHINA,MRSA,BETA-LACTAMS,173158,2018,68.1
"EAST ASIA",CHINA,"OTHER GRAM-NEGATIVE",BETA-LACTAMS,91568,2018,60.4
"EAST ASIA",CHINA,"PSEUDOMONAS AERUGINOSA",CARBAPENEMS,198695,2019,9.3
"EAST ASIA",CHINA,"ESCHERICHIA COLI",AMINOGLYCOSIDES,207460,2020,75.8
"EAST ASIA",CHINA,MRSA,AMINOGLYCOSIDES,127991,2021,8.5
"EAST ASIA",CHINA,"OTHER GRAM-NEGATIVE","OTHER CLASSES",137075,2021,66.3
"EAST ASIA",CHINA,"PSEUDOMONAS AERUGINOSA","OTHER CLASSES",79688,2022,32.6
"EAST ASIA",CHINA,"ESCHERICHIA COLI",CARBAPENEMS,88239,2023,37.3
"LATIN AMERICA & CARIBBEAN",COLOMBIA,"ACINETOBACTER BAUMANNII",FLUOROQUINOLONES,56755,2000,32.9
"LATIN AMERICA & CARIBBEAN",COLOMBIA,"ACINETOBACTER BAUMANNII",AMINOGLYCOSIDES,150947,2001,77.6
"LATIN AMERICA & CARIBBEAN",COLOMBIA,"ACINETOBACTER BAUMANNII",FLUOROQUINOLONES,114349,2002,41
"LATIN AMERICA & CARIBBEAN",COLOMBIA,"ACINETOBACTER BAUMANNII",CARBAPENEMS,92258,2003,58.7
"LATIN AMERICA & CARIBBEAN",COLOMBIA,"ACINETOBACTER BAUMANNII",AMINOGLYCOSIDES,17505,2004,83.3
"LATIN AMERICA & CARIBBEAN",COLOMBIA,"ACINETOBACTER BAUMANNII","OTHER CLASSES",151328,2005,78.3
"LATIN AMERICA & CARIBBEAN",COLOMBIA,"ACINETOBACTER BAUMANNII",AMINOGLYCOSIDES,82793,2006,29
"LATIN AMERICA & CARIBBEAN",COLOMBIA,"ACINETOBACTER BAUMANNII",BETA-LACTAMS,44297,2007,30.9
"LATIN AMERICA & CARIBBEAN",COLOMBIA,"ACINETOBACTER BAUMANNII",BETA-LACTAMS,72031,2008,27.9
"LATIN AMERICA & CARIBBEAN",COLOMBIA,"ACINETOBACTER BAUMANNII",FLUOROQUINOLONES,4706,2009,60.9
"LATIN AMERICA & CARIBBEAN",COLOMBIA,"ACINETOBACTER BAUMANNII","OTHER CLASSES",45756,2010,39.3
"LATIN AMERICA & CARIBBEAN",COLOMBIA,"ACINETOBACTER BAUMANNII",FLUOROQUINOLONES,81085,2011,75.2
"LATIN AMERICA & CARIBBEAN",COLOMBIA,"ACINETOBACTER BAUMANNII",AMINOGLYCOSIDES,80693,2012,79.3
"LATIN AMERICA & CARIBBEAN",COLOMBIA,"ACINETOBACTER BAUMANNII",BETA-LACTAMS,3796,2013,8.4
"LATIN AMERICA & CARIBBEAN",COLOMBIA,"ACINETOBACTER BAUMANNII",BETA-LACTAMS,92145,2014,43.1
"LATIN AMERICA & CARIBBEAN",COLOMBIA,"ACINETOBACTER BAUMANNII",BETA-LACTAMS,41196,2015,6.7
"LATIN AMERICA & CARIBBEAN",COLOMBIA,"ACINETOBACTER BAUMANNII","OTHER CLASSES",110960,2016,85
"LATIN AMERICA & CARIBBEAN",COLOMBIA,"ACINETOBACTER BAUMANNII",AMINOGLYCOSIDES,174820,2017,82.9
"LATIN AMERICA & CARIBBEAN",COLOMBIA,"ACINETOBACTER BAUMANNII",BETA-LACTAMS,164307,2018,71.1
"LATIN AMERICA & CARIBBEAN",COLOMBIA,"ACINETOBACTER BAUMANNII",BETA-LACTAMS,191016,2019,36.9
"LATIN AMERICA & CARIBBEAN",COLOMBIA,"ACINETOBACTER BAUMANNII","OTHER CLASSES",155713,2020,64.3
"LATIN AMERICA & CARIBBEAN",COLOMBIA,"ACINETOBACTER BAUMANNII","OTHER CLASSES",9729,2021,66.8
"LATIN AMERICA & CARIBBEAN",COLOMBIA,"ACINETOBACTER BAUMANNII",CARBAPENEMS,40207,2022,29.9
"LATIN AMERICA & CARIBBEAN",COLOMBIA,"ACINETOBACTER BAUMANNII",FLUOROQUINOLONES,73867,2023,9.6
"LATIN AMERICA & CARIBBEAN",CUBA,"OTHER BACTERIA",BETA-LACTAMS,77683,2000,22.8
"LATIN AMERICA & CARIBBEAN",CUBA,"OTHER BACTERIA",CARBAPENEMS,101492,2001,39.7
"LATIN AMERICA & CARIBBEAN",CUBA,"OTHER BACTERIA",BETA-LACTAMS,118208,2002,29.4
"LATIN AMERICA & CARIBBEAN",CUBA,"OTHER BACTERIA",BETA-LACTAMS,11697,2003,80.1
"LATIN AMERICA & CARIBBEAN",CUBA,"OTHER BACTERIA",AMINOGLYCOSIDES,39073,2004,24.8
"LATIN AMERICA & CARIBBEAN",CUBA,"OTHER BACTERIA",CARBAPENEMS,167364,2005,43.2
"LATIN AMERICA & CARIBBEAN",CUBA,"OTHER BACTERIA",AMINOGLYCOSIDES,183573,2006,12.8
"LATIN AMERICA & CARIBBEAN",CUBA,"OTHER BACTERIA",AMINOGLYCOSIDES,133000,2007,21
"LATIN AMERICA & CARIBBEAN",CUBA,"OTHER BACTERIA","OTHER CLASSES",112224,2008,44.7
"LATIN AMERICA & CARIBBEAN",CUBA,"OTHER BACTERIA",BETA-LACTAMS,94009,2009,44.2
"LATIN AMERICA & CARIBBEAN",CUBA,"OTHER BACTERIA","OTHER CLASSES",28437,2010,60.2
"LATIN AMERICA & CARIBBEAN",CUBA,"OTHER BACTERIA",CARBAPENEMS,53571,2011,76.3
"LATIN AMERICA & CARIBBEAN",CUBA,"OTHER BACTERIA",FLUOROQUINOLONES,121048,2012,48.7
"LATIN AMERICA & CARIBBEAN",CUBA,"OTHER BACTERIA",BETA-LACTAMS,151246,2013,81.7
"LATIN AMERICA & CARIBBEAN",CUBA,"OTHER BACTERIA",CARBAPENEMS,73659,2014,54.6
"LATIN AMERICA & CARIBBEAN",CUBA,"OTHER BACTERIA",CARBAPENEMS,205075,2015,46
"LATIN AMERICA & CARIBBEAN",CUBA,"OTHER BACTERIA","OTHER CLASSES",136650,2016,23.5
"LATIN AMERICA & CARIBBEAN",CUBA,"OTHER BACTERIA",BETA-LACTAMS,53513,2017,68.5
"LATIN AMERICA & CARIBBEAN",CUBA,"OTHER BACTERIA","OTHER CLASSES",96389,2018,84.4
"LATIN AMERICA & CARIBBEAN",CUBA,"OTHER BACTERIA",CARBAPENEMS,156483,2019,39.2
"LATIN AMERICA & CARIBBEAN",CUBA,"OTHER BACTERIA","OTHER CLASSES",149897,2020,16.1
"LATIN AMERICA & CARIBBEAN",CUBA,"OTHER BACTERIA",AMINOGLYCOSIDES,109439,2021,37.9
"LATIN AMERICA & CARIBBEAN",CUBA,"OTHER BACTERIA",AMINOGLYCOSIDES,110938,2022,67
"LATIN AMERICA & CARIBBEAN",CUBA,"OTHER BACTERIA","OTHER CLASSES",197641,2023,9.4
"EASTERN EUROPE","CZECH REPUBLIC","PSEUDOMONAS AERUGINOSA","OTHER CLASSES",54339,2000,77.9
"EASTERN EUROPE","CZECH REPUBLIC","ACINETOBACTER BAUMANNII",CARBAPENEMS,16016,2001,73.6
"EASTERN EUROPE","CZECH REPUBLIC","ESCHERICHIA COLI",FLUOROQUINOLONES,31819,2002,39.4
"EASTERN EUROPE","CZECH REPUBLIC","KLEBSIELLA PNEUMONIAE",AMINOGLYCOSIDES,117282,2003,23.3
"EASTERN EUROPE","CZECH REPUBLIC","OTHER BACTERIA",FLUOROQUINOLONES,170756,2004,30.9
"EASTERN EUROPE","CZECH REPUBLIC",MRSA,"OTHER CLASSES",134659,2004,12
"EASTERN EUROPE","CZECH REPUBLIC","OTHER GRAM-NEGATIVE",AMINOGLYCOSIDES,97111,2005,69.4
"EASTERN EUROPE","CZECH REPUBLIC","STREPTOCOCCUS PNEUMONIAE",BETA-LACTAMS,110273,2006,83.5
"EASTERN EUROPE","CZECH REPUBLIC","PSEUDOMONAS AERUGINOSA",CARBAPENEMS,207798,2007,60.5
"EASTERN EUROPE","CZECH REPUBLIC","ACINETOBACTER BAUMANNII",CARBAPENEMS,53250,2008,68.1
"EASTERN EUROPE","CZECH REPUBLIC","ESCHERICHIA COLI","OTHER CLASSES",137982,2009,52.2
"EASTERN EUROPE","CZECH REPUBLIC","KLEBSIELLA PNEUMONIAE",AMINOGLYCOSIDES,120293,2010,16.7
"EASTERN EUROPE","CZECH REPUBLIC",MRSA,AMINOGLYCOSIDES,57578,2011,56.9
"EASTERN EUROPE","CZECH REPUBLIC","OTHER BACTERIA",AMINOGLYCOSIDES,73855,2011,51.4
"EASTERN EUROPE","CZECH REPUBLIC","OTHER GRAM-NEGATIVE",BETA-LACTAMS,77314,2012,75
"EASTERN EUROPE","CZECH REPUBLIC","STREPTOCOCCUS PNEUMONIAE",BETA-LACTAMS,183918,2013,40.5
"EASTERN EUROPE","CZECH REPUBLIC","PSEUDOMONAS AERUGINOSA",FLUOROQUINOLONES,172065,2014,6.9
"EASTERN EUROPE","CZECH REPUBLIC","ACINETOBACTER BAUMANNII",FLUOROQUINOLONES,118971,2015,42.8
"EASTERN EUROPE","CZECH REPUBLIC","ESCHERICHIA COLI",CARBAPENEMS,130841,2016,40.4
"EASTERN EUROPE","CZECH REPUBLIC","KLEBSIELLA PNEUMONIAE",BETA-LACTAMS,36609,2017,8.3
"EASTERN EUROPE","CZECH REPUBLIC",MRSA,CARBAPENEMS,101712,2018,30.1
"EASTERN EUROPE","CZECH REPUBLIC","OTHER BACTERIA",FLUOROQUINOLONES,173127,2018,82.2
"EASTERN EUROPE","CZECH REPUBLIC","OTHER GRAM-NEGATIVE",FLUOROQUINOLONES,109538,2019,49.1
"EASTERN EUROPE","CZECH REPUBLIC","STREPTOCOCCUS PNEUMONIAE",FLUOROQUINOLONES,227289,2020,39.6
"EASTERN EUROPE","CZECH REPUBLIC","PSEUDOMONAS AERUGINOSA",AMINOGLYCOSIDES,37175,2021,72.8
"EASTERN EUROPE","CZECH REPUBLIC","ACINETOBACTER BAUMANNII",AMINOGLYCOSIDES,16075,2022,72.3
"EASTERN EUROPE","CZECH REPUBLIC","ESCHERICHIA COLI",BETA-LACTAMS,150475,2023,7.9
"SUB-SAHARAN AFRICA",ETHIOPIA,"PSEUDOMONAS AERUGINOSA",CARBAPENEMS,145625,2000,12.7
"SUB-SAHARAN AFRICA",ETHIOPIA,"PSEUDOMONAS AERUGINOSA","OTHER CLASSES",52696,2001,63.6
"SUB-SAHARAN AFRICA",ETHIOPIA,"PSEUDOMONAS AERUGINOSA",FLUOROQUINOLONES,98676,2002,10
"SUB-SAHARAN AFRICA",ETHIOPIA,"PSEUDOMONAS AERUGINOSA",FLUOROQUINOLONES,88405,2003,46.2
"SUB-SAHARAN AFRICA",ETHIOPIA,"PSEUDOMONAS AERUGINOSA",AMINOGLYCOSIDES,44532,2004,53
"SUB-SAHARAN AFRICA",ETHIOPIA,"PSEUDOMONAS AERUGINOSA",FLUOROQUINOLONES,155674,2005,21.5
"SUB-SAHARAN AFRICA",ETHIOPIA,"PSEUDOMONAS AERUGINOSA",CARBAPENEMS,88519,2006,45.5
"SUB-SAHARAN AFRICA",ETHIOPIA,"PSEUDOMONAS AERUGINOSA",CARBAPENEMS,141632,2007,74.5
"SUB-SAHARAN AFRICA",ETHIOPIA,"PSEUDOMONAS AERUGINOSA",CARBAPENEMS,8706,2008,76.6
"SUB-SAHARAN AFRICA",ETHIOPIA,"PSEUDOMONAS AERUGINOSA",BETA-LACTAMS,58640,2009,34.8
"SUB-SAHARAN AFRICA",ETHIOPIA,"PSEUDOMONAS AERUGINOSA",FLUOROQUINOLONES,81385,2010,27
"SUB-SAHARAN AFRICA",ETHIOPIA,"PSEUDOMONAS AERUGINOSA","OTHER CLASSES",84832,2011,34.3
"SUB-SAHARAN AFRICA",ETHIOPIA,"PSEUDOMONAS AERUGINOSA",CARBAPENEMS,201761,2012,41.1
"SUB-SAHARAN AFRICA",ETHIOPIA,"PSEUDOMONAS AERUGINOSA",BETA-LACTAMS,147272,2013,65.8
"SUB-SAHARAN AFRICA",ETHIOPIA,"PSEUDOMONAS AERUGINOSA",FLUOROQUINOLONES,191214,2014,19.9
"SUB-SAHARAN AFRICA",ETHIOPIA,"PSEUDOMONAS AERUGINOSA","OTHER CLASSES",147948,2015,47.4
"SUB-SAHARAN AFRICA",ETHIOPIA,"PSEUDOMONAS AERUGINOSA",FLUOROQUINOLONES,9465,2016,81.4
"SUB-SAHARAN AFRICA",ETHIOPIA,"PSEUDOMONAS AERUGINOSA",CARBAPENEMS,28180,2017,79.7
"SUB-SAHARAN AFRICA",ETHIOPIA,"PSEUDOMONAS AERUGINOSA",CARBAPENEMS,28654,2018,64.7
"SUB-SAHARAN AFRICA",ETHIOPIA,"PSEUDOMONAS AERUGINOSA","OTHER CLASSES",74109,2019,8
"SUB-SAHARAN AFRICA",ETHIOPIA,"PSEUDOMONAS AERUGINOSA",AMINOGLYCOSIDES,133524,2020,18.9
"SUB-SAHARAN AFRICA",ETHIOPIA,"PSEUDOMONAS AERUGINOSA","OTHER CLASSES",16544,2021,32.9
"SUB-SAHARAN AFRICA",ETHIOPIA,"PSEUDOMONAS AERUGINOSA",FLUOROQUINOLONES,70936,2022,23.5
"SUB-SAHARAN AFRICA",ETHIOPIA,"PSEUDOMONAS AERUGINOSA",CARBAPENEMS,81296,2023,53.7
"WESTERN EUROPE",FRANCE,"ESCHERICHIA COLI",BETA-LACTAMS,105150,2000,41.3
"WESTERN EUROPE",FRANCE,"ACINETOBACTER BAUMANNII","OTHER CLASSES",63657,2001,40.4
"WESTERN EUROPE",FRANCE,"PSEUDOMONAS AERUGINOSA","OTHER CLASSES",55749,2002,41.5
"WESTERN EUROPE",FRANCE,"STREPTOCOCCUS PNEUMONIAE",FLUOROQUINOLONES,95865,2003,25.8
"WESTERN EUROPE",FRANCE,"OTHER GRAM-NEGATIVE",AMINOGLYCOSIDES,30214,2004,51.2
"WESTERN EUROPE",FRANCE,"OTHER BACTERIA",CARBAPENEMS,100037,2005,11.9
"WESTERN EUROPE",FRANCE,MRSA,BETA-LACTAMS,17463,2007,38.3
"WESTERN EUROPE",FRANCE,"KLEBSIELLA PNEUMONIAE",AMINOGLYCOSIDES,97864,2008,5.4
"WESTERN EUROPE",FRANCE,"ESCHERICHIA COLI","OTHER CLASSES",96652,2009,6.2
"WESTERN EUROPE",FRANCE,"ACINETOBACTER BAUMANNII",AMINOGLYCOSIDES,84437,2010,22.4
"WESTERN EUROPE",FRANCE,"PSEUDOMONAS AERUGINOSA",CARBAPENEMS,65292,2011,20.5
"WESTERN EUROPE",FRANCE,"STREPTOCOCCUS PNEUMONIAE","OTHER CLASSES",94910,2012,13.7
"WESTERN EUROPE",FRANCE,"OTHER GRAM-NEGATIVE",BETA-LACTAMS,124422,2013,19
"WESTERN EUROPE",FRANCE,"OTHER BACTERIA",FLUOROQUINOLONES,131296,2014,33.7
"WESTERN EUROPE",FRANCE,MRSA,AMINOGLYCOSIDES,90267,2016,66.8
"WESTERN EUROPE",FRANCE,"KLEBSIELLA PNEUMONIAE",CARBAPENEMS,166450,2017,21.1
"WESTERN EUROPE",FRANCE,"ESCHERICHIA COLI",CARBAPENEMS,183993,2018,35.6
"WESTERN EUROPE",FRANCE,"ACINETOBACTER BAUMANNII",BETA-LACTAMS,106585,2019,46
"WESTERN EUROPE",FRANCE,"PSEUDOMONAS AERUGINOSA",CARBAPENEMS,10109,2020,32.5
"WESTERN EUROPE",FRANCE,"STREPTOCOCCUS PNEUMONIAE",FLUOROQUINOLONES,15861,2021,62.1
"WESTERN EUROPE",FRANCE,"OTHER GRAM-NEGATIVE","OTHER CLASSES",78846,2022,81.1
"WESTERN EUROPE",FRANCE,"OTHER BACTERIA","OTHER CLASSES",221482,2023,72.7
"WESTERN EUROPE",GERMANY,"KLEBSIELLA PNEUMONIAE","OTHER CLASSES",174494,2000,66.6
"WESTERN EUROPE",GERMANY,"ESCHERICHIA COLI",BETA-LACTAMS,114550,2001,84.3
"WESTERN EUROPE",GERMANY,"ACINETOBACTER BAUMANNII",FLUOROQUINOLONES,4778,2002,83.5
"WESTERN EUROPE",GERMANY,"PSEUDOMONAS AERUGINOSA",AMINOGLYCOSIDES,56511,2003,42
"WESTERN EUROPE",GERMANY,"STREPTOCOCCUS PNEUMONIAE",AMINOGLYCOSIDES,160547,2004,26
"WESTERN EUROPE",GERMANY,"OTHER GRAM-NEGATIVE","OTHER CLASSES",175912,2005,25.2
"WESTERN EUROPE",GERMANY,"OTHER BACTERIA",BETA-LACTAMS,140283,2006,68.7
"WESTERN EUROPE",GERMANY,MRSA,CARBAPENEMS,86545,2008,72.3
"WESTERN EUROPE",GERMANY,"KLEBSIELLA PNEUMONIAE",CARBAPENEMS,223217,2009,37.6
"WESTERN EUROPE",GERMANY,"ESCHERICHIA COLI",BETA-LACTAMS,208555,2010,42.1
"WESTERN EUROPE",GERMANY,"ACINETOBACTER BAUMANNII",BETA-LACTAMS,69912,2011,27.3
"WESTERN EUROPE",GERMANY,"PSEUDOMONAS AERUGINOSA",AMINOGLYCOSIDES,191649,2012,15.5
"WESTERN EUROPE",GERMANY,"STREPTOCOCCUS PNEUMONIAE","OTHER CLASSES",74922,2013,70.7
"WESTERN EUROPE",GERMANY,"OTHER GRAM-NEGATIVE",AMINOGLYCOSIDES,135632,2014,19.5
"WESTERN EUROPE",GERMANY,"OTHER BACTERIA",CARBAPENEMS,160420,2015,79.5
"WESTERN EUROPE",GERMANY,MRSA,BETA-LACTAMS,118001,2017,58.1
"WESTERN EUROPE",GERMANY,"KLEBSIELLA PNEUMONIAE","OTHER CLASSES",120613,2018,35.6
"WESTERN EUROPE",GERMANY,"ESCHERICHIA COLI",BETA-LACTAMS,154116,2019,53
"WESTERN EUROPE",GERMANY,"ACINETOBACTER BAUMANNII",CARBAPENEMS,212866,2020,13.3
"WESTERN EUROPE",GERMANY,"PSEUDOMONAS AERUGINOSA",CARBAPENEMS,205843,2021,33.6
"WESTERN EUROPE",GERMANY,"STREPTOCOCCUS PNEUMONIAE",AMINOGLYCOSIDES,38782,2022,31.5
"WESTERN EUROPE",GERMANY,"OTHER GRAM-NEGATIVE",BETA-LACTAMS,83183,2023,36.9
"SUB-SAHARAN AFRICA",GHANA,"ACINETOBACTER BAUMANNII",AMINOGLYCOSIDES,127024,2000,55.6
"SUB-SAHARAN AFRICA",GHANA,"ACINETOBACTER BAUMANNII",AMINOGLYCOSIDES,4700,2001,79.6
"SUB-SAHARAN AFRICA",GHANA,"ACINETOBACTER BAUMANNII",FLUOROQUINOLONES,193892,2002,30.8
"SUB-SAHARAN AFRICA",GHANA,"ACINETOBACTER BAUMANNII",AMINOGLYCOSIDES,41820,2003,58.3
"SUB-SAHARAN AFRICA",GHANA,"ACINETOBACTER BAUMANNII",AMINOGLYCOSIDES,141048,2004,39.5
"SUB-SAHARAN AFRICA",GHANA,"ACINETOBACTER BAUMANNII",AMINOGLYCOSIDES,115929,2005,54.6
"SUB-SAHARAN AFRICA",GHANA,"ACINETOBACTER BAUMANNII",FLUOROQUINOLONES,166972,2006,24.1
"SUB-SAHARAN AFRICA",GHANA,"ACINETOBACTER BAUMANNII",FLUOROQUINOLONES,174783,2007,48
"SUB-SAHARAN AFRICA",GHANA,"ACINETOBACTER BAUMANNII",FLUOROQUINOLONES,102627,2008,18.7
"SUB-SAHARAN AFRICA",GHANA,"ACINETOBACTER BAUMANNII",AMINOGLYCOSIDES,118811,2009,63.4
"SUB-SAHARAN AFRICA",GHANA,"ACINETOBACTER BAUMANNII",BETA-LACTAMS,98452,2010,22.1
"SUB-SAHARAN AFRICA",GHANA,"ACINETOBACTER BAUMANNII","OTHER CLASSES",33841,2011,37.5
"SUB-SAHARAN AFRICA",GHANA,"ACINETOBACTER BAUMANNII","OTHER CLASSES",40856,2012,34.1
"SUB-SAHARAN AFRICA",GHANA,"ACINETOBACTER BAUMANNII",BETA-LACTAMS,18542,2013,24.1
"SUB-SAHARAN AFRICA",GHANA,"ACINETOBACTER BAUMANNII","OTHER CLASSES",204977,2014,68.4
"SUB-SAHARAN AFRICA",GHANA,"ACINETOBACTER BAUMANNII",BETA-LACTAMS,109754,2015,72.7
"SUB-SAHARAN AFRICA",GHANA,"ACINETOBACTER BAUMANNII",CARBAPENEMS,129334,2016,42.3
"SUB-SAHARAN AFRICA",GHANA,"ACINETOBACTER BAUMANNII",FLUOROQUINOLONES,62572,2017,56.4
"SUB-SAHARAN AFRICA",GHANA,"ACINETOBACTER BAUMANNII",CARBAPENEMS,187397,2018,28.3
"SUB-SAHARAN AFRICA",GHANA,"ACINETOBACTER BAUMANNII",CARBAPENEMS,12279,2019,51.8
"SUB-SAHARAN AFRICA",GHANA,"ACINETOBACTER BAUMANNII",FLUOROQUINOLONES,28671,2020,49.5
"SUB-SAHARAN AFRICA",GHANA,"ACINETOBACTER BAUMANNII",BETA-LACTAMS,112978,2021,7.1
"SUB-SAHARAN AFRICA",GHANA,"ACINETOBACTER BAUMANNII",FLUOROQUINOLONES,6135,2022,75
"SUB-SAHARAN AFRICA",GHANA,"ACINETOBACTER BAUMANNII",CARBAPENEMS,37652,2023,39.6
"EAST ASIA","HONG KONG","PSEUDOMONAS AERUGINOSA",FLUOROQUINOLONES,158618,2000,38.2
"EAST ASIA","HONG KONG","ESCHERICHIA COLI","OTHER CLASSES",159724,2001,82
"EAST ASIA","HONG KONG",MRSA,AMINOGLYCOSIDES,112069,2002,51.2
"EAST ASIA","HONG KONG","OTHER GRAM-NEGATIVE",AMINOGLYCOSIDES,195608,2002,25.3
"EAST ASIA","HONG KONG","PSEUDOMONAS AERUGINOSA",AMINOGLYCOSIDES,27695,2003,75.5
"EAST ASIA","HONG KONG","ESCHERICHIA COLI",CARBAPENEMS,187752,2004,20.8
"EAST ASIA","HONG KONG","OTHER GRAM-NEGATIVE",CARBAPENEMS,5060,2005,62.2
"EAST ASIA","HONG KONG",MRSA,FLUOROQUINOLONES,11632,2005,61.1
"EAST ASIA","HONG KONG","PSEUDOMONAS AERUGINOSA","OTHER CLASSES",28364,2006,85
"EAST ASIA","HONG KONG","ESCHERICHIA COLI","OTHER CLASSES",106515,2007,58.8
"EAST ASIA","HONG KONG","OTHER GRAM-NEGATIVE",BETA-LACTAMS,209293,2008,38.2
"EAST ASIA","HONG KONG",MRSA,FLUOROQUINOLONES,119755,2008,10.6
"EAST ASIA","HONG KONG","PSEUDOMONAS AERUGINOSA",BETA-LACTAMS,156212,2009,73.4
"EAST ASIA","HONG KONG","ESCHERICHIA COLI","OTHER CLASSES",153308,2010,73.8
"EAST ASIA","HONG KONG","OTHER GRAM-NEGATIVE",CARBAPENEMS,106180,2011,42.4
"EAST ASIA","HONG KONG",MRSA,FLUOROQUINOLONES,66857,2011,39.9
"EAST ASIA","HONG KONG","PSEUDOMONAS AERUGINOSA",FLUOROQUINOLONES,90447,2012,76.2
"EAST ASIA","HONG KONG","ESCHERICHIA COLI",AMINOGLYCOSIDES,176154,2013,30.8
"EAST ASIA","HONG KONG","OTHER GRAM-NEGATIVE",AMINOGLYCOSIDES,93339,2014,79.3
"EAST ASIA","HONG KONG",MRSA,FLUOROQUINOLONES,8222,2014,41.9
"EAST ASIA","HONG KONG","PSEUDOMONAS AERUGINOSA",BETA-LACTAMS,140320,2015,50.9
"EAST ASIA","HONG KONG","ESCHERICHIA COLI",AMINOGLYCOSIDES,200678,2016,10.9
"EAST ASIA","HONG KONG",MRSA,BETA-LACTAMS,44347,2017,71.1
"EAST ASIA","HONG KONG","OTHER GRAM-NEGATIVE","OTHER CLASSES",171789,2017,55.6
"EAST ASIA","HONG KONG","PSEUDOMONAS AERUGINOSA",BETA-LACTAMS,166250,2018,51.2
"EAST ASIA","HONG KONG","ESCHERICHIA COLI",CARBAPENEMS,49516,2019,51.6
"EAST ASIA","HONG KONG",MRSA,FLUOROQUINOLONES,28672,2020,25.7
"EAST ASIA","HONG KONG","OTHER GRAM-NEGATIVE",FLUOROQUINOLONES,60983,2020,50.3
"EAST ASIA","HONG KONG","PSEUDOMONAS AERUGINOSA",BETA-LACTAMS,95075,2021,74.3
"EAST ASIA","HONG KONG","ESCHERICHIA COLI","OTHER CLASSES",30782,2022,23.7
"EAST ASIA","HONG KONG","OTHER GRAM-NEGATIVE",FLUOROQUINOLONES,148230,2023,62.3
"EAST ASIA","HONG KONG",MRSA,"OTHER CLASSES",51348,2023,21.3
"EASTERN EUROPE",HUNGARY,"ACINETOBACTER BAUMANNII",BETA-LACTAMS,37310,2000,27.2
"EASTERN EUROPE",HUNGARY,"ESCHERICHIA COLI",BETA-LACTAMS,70618,2001,19.4
"EASTERN EUROPE",HUNGARY,"KLEBSIELLA PNEUMONIAE",AMINOGLYCOSIDES,116400,2002,73.5
"EASTERN EUROPE",HUNGARY,"OTHER BACTERIA",BETA-LACTAMS,125419,2003,22.3
"EASTERN EUROPE",HUNGARY,MRSA,BETA-LACTAMS,5318,2003,64.2
"EASTERN EUROPE",HUNGARY,"OTHER GRAM-NEGATIVE",AMINOGLYCOSIDES,134920,2004,58.9
"EASTERN EUROPE",HUNGARY,"STREPTOCOCCUS PNEUMONIAE",CARBAPENEMS,60650,2005,71.4
"EASTERN EUROPE",HUNGARY,"PSEUDOMONAS AERUGINOSA",AMINOGLYCOSIDES,61403,2006,45.2
"EASTERN EUROPE",HUNGARY,"ACINETOBACTER BAUMANNII",CARBAPENEMS,144160,2007,56.7
"EASTERN EUROPE",HUNGARY,"ESCHERICHIA COLI","OTHER CLASSES",114101,2008,81.7
"EASTERN EUROPE",HUNGARY,"KLEBSIELLA PNEUMONIAE","OTHER CLASSES",50472,2009,52
"EASTERN EUROPE",HUNGARY,"OTHER BACTERIA",CARBAPENEMS,144138,2010,14
"EASTERN EUROPE",HUNGARY,MRSA,FLUOROQUINOLONES,120277,2010,29.3
"EASTERN EUROPE",HUNGARY,"OTHER GRAM-NEGATIVE",AMINOGLYCOSIDES,121827,2011,63
"EASTERN EUROPE",HUNGARY,"STREPTOCOCCUS PNEUMONIAE",FLUOROQUINOLONES,159001,2012,66.6
"EASTERN EUROPE",HUNGARY,"PSEUDOMONAS AERUGINOSA",BETA-LACTAMS,198720,2013,71.6
"EASTERN EUROPE",HUNGARY,"ACINETOBACTER BAUMANNII",BETA-LACTAMS,36933,2014,45.6
"EASTERN EUROPE",HUNGARY,"ESCHERICHIA COLI",CARBAPENEMS,99031,2015,43.5
"EASTERN EUROPE",HUNGARY,"KLEBSIELLA PNEUMONIAE",FLUOROQUINOLONES,79279,2016,31.3
"EASTERN EUROPE",HUNGARY,MRSA,AMINOGLYCOSIDES,50508,2017,17.1
"EASTERN EUROPE",HUNGARY,"OTHER BACTERIA",FLUOROQUINOLONES,95019,2017,42.2
"EASTERN EUROPE",HUNGARY,"OTHER GRAM-NEGATIVE",CARBAPENEMS,189159,2018,41.5
"EASTERN EUROPE",HUNGARY,"STREPTOCOCCUS PNEUMONIAE",AMINOGLYCOSIDES,86154,2019,31.8
"EASTERN EUROPE",HUNGARY,"PSEUDOMONAS AERUGINOSA",AMINOGLYCOSIDES,127867,2020,34.1
"EASTERN EUROPE",HUNGARY,"ACINETOBACTER BAUMANNII",CARBAPENEMS,101781,2021,57.2
"EASTERN EUROPE",HUNGARY,"ESCHERICHIA COLI","OTHER CLASSES",28523,2022,68.7
"EASTERN EUROPE",HUNGARY,"KLEBSIELLA PNEUMONIAE",AMINOGLYCOSIDES,112705,2023,8.1
"SOUTH ASIA",INDIA,"OTHER BACTERIA",CARBAPENEMS,238148,2000,77.6
"SOUTH ASIA",INDIA,MRSA,CARBAPENEMS,82319,2000,40.7
"SOUTH ASIA",INDIA,"OTHER GRAM-NEGATIVE",AMINOGLYCOSIDES,105085,2001,32.6
"SOUTH ASIA",INDIA,"STREPTOCOCCUS PNEUMONIAE",AMINOGLYCOSIDES,49588,2002,84.4
"SOUTH ASIA",INDIA,"PSEUDOMONAS AERUGINOSA",BETA-LACTAMS,188042,2003,5.1
"SOUTH ASIA",INDIA,"ACINETOBACTER BAUMANNII","OTHER CLASSES",118849,2004,43.7
"SOUTH ASIA",INDIA,"ESCHERICHIA COLI",AMINOGLYCOSIDES,77705,2005,69.3
"SOUTH ASIA",INDIA,"KLEBSIELLA PNEUMONIAE",BETA-LACTAMS,85008,2006,79.2
"SOUTH ASIA",INDIA,MRSA,CARBAPENEMS,129590,2007,82.6
"SOUTH ASIA",INDIA,"OTHER BACTERIA","OTHER CLASSES",8551,2007,72.5
"SOUTH ASIA",INDIA,"OTHER GRAM-NEGATIVE",AMINOGLYCOSIDES,31119,2008,67
"SOUTH ASIA",INDIA,"STREPTOCOCCUS PNEUMONIAE","OTHER CLASSES",114276,2009,14.3
"SOUTH ASIA",INDIA,"PSEUDOMONAS AERUGINOSA",CARBAPENEMS,35735,2010,71.8
"SOUTH ASIA",INDIA,"ACINETOBACTER BAUMANNII",CARBAPENEMS,65763,2011,59.9
"SOUTH ASIA",INDIA,"ESCHERICHIA COLI",FLUOROQUINOLONES,55818,2012,56.9
"SOUTH ASIA",INDIA,"KLEBSIELLA PNEUMONIAE","OTHER CLASSES",24905,2013,22.8
"SOUTH ASIA",INDIA,"OTHER BACTERIA",CARBAPENEMS,31437,2014,10
"SOUTH ASIA",INDIA,MRSA,FLUOROQUINOLONES,157438,2014,20.1
"SOUTH ASIA",INDIA,"OTHER GRAM-NEGATIVE",AMINOGLYCOSIDES,85399,2015,63.2
"SOUTH ASIA",INDIA,"STREPTOCOCCUS PNEUMONIAE",BETA-LACTAMS,171853,2016,58.4
"SOUTH ASIA",INDIA,"PSEUDOMONAS AERUGINOSA",BETA-LACTAMS,84198,2017,56.6
"SOUTH ASIA",INDIA,"ACINETOBACTER BAUMANNII",AMINOGLYCOSIDES,192524,2018,20.7
"SOUTH ASIA",INDIA,"ESCHERICHIA COLI",FLUOROQUINOLONES,38429,2019,12.3
"SOUTH ASIA",INDIA,"KLEBSIELLA PNEUMONIAE",FLUOROQUINOLONES,133227,2020,27.3
"SOUTH ASIA",INDIA,"OTHER BACTERIA",BETA-LACTAMS,85619,2021,27.3
"SOUTH ASIA",INDIA,MRSA,"OTHER CLASSES",156103,2021,64.5
"SOUTH ASIA",INDIA,"OTHER GRAM-NEGATIVE",BETA-LACTAMS,22332,2022,75.8
"SOUTH ASIA",INDIA,"STREPTOCOCCUS PNEUMONIAE",CARBAPENEMS,53908,2023,32.2
"SOUTHEAST ASIA",INDONESIA,"ESCHERICHIA COLI",FLUOROQUINOLONES,134841,2000,12.8
"SOUTHEAST ASIA",INDONESIA,"ESCHERICHIA COLI",FLUOROQUINOLONES,29676,2001,74.5
"SOUTHEAST ASIA",INDONESIA,"ESCHERICHIA COLI",BETA-LACTAMS,125924,2002,29.7
"SOUTHEAST ASIA",INDONESIA,"ESCHERICHIA COLI",AMINOGLYCOSIDES,15088,2003,23.1
"SOUTHEAST ASIA",INDONESIA,"ESCHERICHIA COLI",AMINOGLYCOSIDES,24381,2004,33.9
"SOUTHEAST ASIA",INDONESIA,"ESCHERICHIA COLI",FLUOROQUINOLONES,150927,2005,63
"SOUTHEAST ASIA",INDONESIA,"ESCHERICHIA COLI",BETA-LACTAMS,114587,2006,15.9
"SOUTHEAST ASIA",INDONESIA,"ESCHERICHIA COLI",FLUOROQUINOLONES,126807,2007,75.5
"SOUTHEAST ASIA",INDONESIA,"ESCHERICHIA COLI","OTHER CLASSES",20665,2008,71.6
"SOUTHEAST ASIA",INDONESIA,"ESCHERICHIA COLI",FLUOROQUINOLONES,6112,2009,57.7
"SOUTHEAST ASIA",INDONESIA,"ESCHERICHIA COLI",AMINOGLYCOSIDES,205338,2010,84.8
"SOUTHEAST ASIA",INDONESIA,"ESCHERICHIA COLI",CARBAPENEMS,35853,2011,28.1
"SOUTHEAST ASIA",INDONESIA,"ESCHERICHIA COLI",FLUOROQUINOLONES,130388,2012,60.8
"SOUTHEAST ASIA",INDONESIA,"ESCHERICHIA COLI",FLUOROQUINOLONES,14543,2013,35.6
"SOUTHEAST ASIA",INDONESIA,"ESCHERICHIA COLI",FLUOROQUINOLONES,54516,2014,72.4
"SOUTHEAST ASIA",INDONESIA,"ESCHERICHIA COLI",AMINOGLYCOSIDES,110820,2015,30.8
"SOUTHEAST ASIA",INDONESIA,"ESCHERICHIA COLI",BETA-LACTAMS,22581,2016,67.8
"SOUTHEAST ASIA",INDONESIA,"ESCHERICHIA COLI",FLUOROQUINOLONES,18511,2017,37.5
"SOUTHEAST ASIA",INDONESIA,"ESCHERICHIA COLI",BETA-LACTAMS,32329,2018,61.1
"SOUTHEAST ASIA",INDONESIA,"ESCHERICHIA COLI",FLUOROQUINOLONES,204293,2019,48.9
"SOUTHEAST ASIA",INDONESIA,"ESCHERICHIA COLI","OTHER CLASSES",81557,2020,37.6
"SOUTHEAST ASIA",INDONESIA,"ESCHERICHIA COLI","OTHER CLASSES",15271,2021,49.3
"SOUTHEAST ASIA",INDONESIA,"ESCHERICHIA COLI",CARBAPENEMS,16598,2022,13
"SOUTHEAST ASIA",INDONESIA,"ESCHERICHIA COLI",FLUOROQUINOLONES,159923,2023,17.9
"WESTERN EUROPE",ITALY,"ACINETOBACTER BAUMANNII",AMINOGLYCOSIDES,112513,2000,73.1
"WESTERN EUROPE",ITALY,"PSEUDOMONAS AERUGINOSA",BETA-LACTAMS,139262,2001,49.6
"WESTERN EUROPE",ITALY,"STREPTOCOCCUS PNEUMONIAE",FLUOROQUINOLONES,15884,2002,25.5
"WESTERN EUROPE",ITALY,"OTHER GRAM-NEGATIVE",FLUOROQUINOLONES,98664,2003,51.1
"WESTERN EUROPE",ITALY,"OTHER BACTERIA",AMINOGLYCOSIDES,115889,2004,11.4
"WESTERN EUROPE",ITALY,MRSA,FLUOROQUINOLONES,149546,2006,15.7
"WESTERN EUROPE",ITALY,"KLEBSIELLA PNEUMONIAE",CARBAPENEMS,192422,2007,55.7
"WESTERN EUROPE",ITALY,"ESCHERICHIA COLI",CARBAPENEMS,186944,2008,78.2
"WESTERN EUROPE",ITALY,"ACINETOBACTER BAUMANNII","OTHER CLASSES",61417,2009,37.7
"WESTERN EUROPE",ITALY,"PSEUDOMONAS AERUGINOSA",AMINOGLYCOSIDES,8934,2010,23.2
"WESTERN EUROPE",ITALY,"STREPTOCOCCUS PNEUMONIAE",FLUOROQUINOLONES,209171,2011,72.8
"WESTERN EUROPE",ITALY,"OTHER GRAM-NEGATIVE","OTHER CLASSES",102628,2012,8.7
"WESTERN EUROPE",ITALY,"OTHER BACTERIA",FLUOROQUINOLONES,50554,2013,15.2
"WESTERN EUROPE",ITALY,MRSA,FLUOROQUINOLONES,88776,2015,29.7
"WESTERN EUROPE",ITALY,"KLEBSIELLA PNEUMONIAE",AMINOGLYCOSIDES,83474,2016,20.9
"WESTERN EUROPE",ITALY,"ESCHERICHIA COLI",CARBAPENEMS,42036,2017,9.4
"WESTERN EUROPE",ITALY,"ACINETOBACTER BAUMANNII",BETA-LACTAMS,86614,2018,77.7
"WESTERN EUROPE",ITALY,"PSEUDOMONAS AERUGINOSA","OTHER CLASSES",74075,2019,45.1
"WESTERN EUROPE",ITALY,"STREPTOCOCCUS PNEUMONIAE",BETA-LACTAMS,154835,2020,16.6
"WESTERN EUROPE",ITALY,"OTHER GRAM-NEGATIVE",CARBAPENEMS,44363,2021,84.7
"WESTERN EUROPE",ITALY,"OTHER BACTERIA",FLUOROQUINOLONES,165993,2022,72.6
"EAST ASIA",JAPAN,"KLEBSIELLA PNEUMONIAE",BETA-LACTAMS,170934,2000,38.9
"EAST ASIA",JAPAN,"OTHER BACTERIA","OTHER CLASSES",30539,2000,49.5
"EAST ASIA",JAPAN,"STREPTOCOCCUS PNEUMONIAE","OTHER CLASSES",207481,2001,38.1
"EAST ASIA",JAPAN,"ACINETOBACTER BAUMANNII",FLUOROQUINOLONES,145771,2002,50.1
"EAST ASIA",JAPAN,"KLEBSIELLA PNEUMONIAE",AMINOGLYCOSIDES,169841,2003,79.3
"EAST ASIA",JAPAN,"OTHER BACTERIA",BETA-LACTAMS,84010,2003,18.4
"EAST ASIA",JAPAN,"STREPTOCOCCUS PNEUMONIAE",BETA-LACTAMS,70552,2004,50.3
"EAST ASIA",JAPAN,"ACINETOBACTER BAUMANNII",FLUOROQUINOLONES,127005,2005,61.1
"EAST ASIA",JAPAN,"KLEBSIELLA PNEUMONIAE",FLUOROQUINOLONES,46184,2006,31.3
"EAST ASIA",JAPAN,"OTHER BACTERIA",FLUOROQUINOLONES,69492,2006,21.4
"EAST ASIA",JAPAN,"STREPTOCOCCUS PNEUMONIAE",BETA-LACTAMS,111674,2007,81.8
"EAST ASIA",JAPAN,"ACINETOBACTER BAUMANNII",AMINOGLYCOSIDES,125821,2008,20.7
"EAST ASIA",JAPAN,"KLEBSIELLA PNEUMONIAE",BETA-LACTAMS,19294,2009,72.7
"EAST ASIA",JAPAN,"OTHER BACTERIA",CARBAPENEMS,110039,2009,30.9
"EAST ASIA",JAPAN,"STREPTOCOCCUS PNEUMONIAE",BETA-LACTAMS,108264,2010,77.2
"EAST ASIA",JAPAN,"ACINETOBACTER BAUMANNII",CARBAPENEMS,81192,2011,49.5
"EAST ASIA",JAPAN,"OTHER BACTERIA",AMINOGLYCOSIDES,150893,2012,38.2
"EAST ASIA",JAPAN,"KLEBSIELLA PNEUMONIAE",CARBAPENEMS,82529,2012,63.3
"EAST ASIA",JAPAN,"STREPTOCOCCUS PNEUMONIAE",AMINOGLYCOSIDES,165487,2013,61.2
"EAST ASIA",JAPAN,"ACINETOBACTER BAUMANNII",BETA-LACTAMS,187433,2014,41.9
"EAST ASIA",JAPAN,"KLEBSIELLA PNEUMONIAE",FLUOROQUINOLONES,44610,2015,74
"EAST ASIA",JAPAN,"OTHER BACTERIA",FLUOROQUINOLONES,69330,2015,69.4
"EAST ASIA",JAPAN,"STREPTOCOCCUS PNEUMONIAE",BETA-LACTAMS,157483,2016,10.7
"EAST ASIA",JAPAN,"ACINETOBACTER BAUMANNII",FLUOROQUINOLONES,4025,2017,54.2
"EAST ASIA",JAPAN,"KLEBSIELLA PNEUMONIAE",AMINOGLYCOSIDES,38208,2018,25.3
"EAST ASIA",JAPAN,"OTHER BACTERIA",FLUOROQUINOLONES,42625,2018,30.6
"EAST ASIA",JAPAN,"STREPTOCOCCUS PNEUMONIAE","OTHER CLASSES",81979,2019,74.4
"EAST ASIA",JAPAN,"ACINETOBACTER BAUMANNII",BETA-LACTAMS,122363,2020,34.1
"EAST ASIA",JAPAN,"OTHER BACTERIA",CARBAPENEMS,99335,2021,10.1
"EAST ASIA",JAPAN,"KLEBSIELLA PNEUMONIAE",FLUOROQUINOLONES,183797,2021,38.7
"EAST ASIA",JAPAN,"STREPTOCOCCUS PNEUMONIAE",CARBAPENEMS,32020,2022,19.8
"EAST ASIA",JAPAN,"ACINETOBACTER BAUMANNII","OTHER CLASSES",51053,2023,78
"SUB-SAHARAN AFRICA",KENYA,"ESCHERICHIA COLI",AMINOGLYCOSIDES,200949,2000,53.8
"SUB-SAHARAN AFRICA",KENYA,"ESCHERICHIA COLI",CARBAPENEMS,68730,2001,10.2
"SUB-SAHARAN AFRICA",KENYA,"ESCHERICHIA COLI",AMINOGLYCOSIDES,34079,2002,33.4
"SUB-SAHARAN AFRICA",KENYA,"ESCHERICHIA COLI","OTHER CLASSES",163931,2003,83.5
"SUB-SAHARAN AFRICA",KENYA,"ESCHERICHIA COLI","OTHER CLASSES",66694,2004,60.6
"SUB-SAHARAN AFRICA",KENYA,"ESCHERICHIA COLI","OTHER CLASSES",39021,2005,30.6
"SUB-SAHARAN AFRICA",KENYA,"ESCHERICHIA COLI","OTHER CLASSES",208042,2006,60
"SUB-SAHARAN AFRICA",KENYA,"ESCHERICHIA COLI",FLUOROQUINOLONES,39592,2007,7.3
"SUB-SAHARAN AFRICA",KENYA,"ESCHERICHIA COLI","OTHER CLASSES",38886,2008,42.2
"SUB-SAHARAN AFRICA",KENYA,"ESCHERICHIA COLI",CARBAPENEMS,205132,2009,18.6
"SUB-SAHARAN AFRICA",KENYA,"ESCHERICHIA COLI",CARBAPENEMS,141490,2010,69.8
"SUB-SAHARAN AFRICA",KENYA,"ESCHERICHIA COLI",FLUOROQUINOLONES,45785,2011,18
"SUB-SAHARAN AFRICA",KENYA,"ESCHERICHIA COLI",FLUOROQUINOLONES,84446,2012,27.8
"SUB-SAHARAN AFRICA",KENYA,"ESCHERICHIA COLI","OTHER CLASSES",176208,2013,22.2
"SUB-SAHARAN AFRICA",KENYA,"ESCHERICHIA COLI",CARBAPENEMS,61695,2014,48.7
"SUB-SAHARAN AFRICA",KENYA,"ESCHERICHIA COLI","OTHER CLASSES",166839,2015,13.2
"SUB-SAHARAN AFRICA",KENYA,"ESCHERICHIA COLI",BETA-LACTAMS,193811,2016,52.9
"SUB-SAHARAN AFRICA",KENYA,"ESCHERICHIA COLI",CARBAPENEMS,81246,2017,42.5
"SUB-SAHARAN AFRICA",KENYA,"ESCHERICHIA COLI",FLUOROQUINOLONES,109273,2018,77.4
"SUB-SAHARAN AFRICA",KENYA,"ESCHERICHIA COLI","OTHER CLASSES",143740,2019,64.5
"SUB-SAHARAN AFRICA",KENYA,"ESCHERICHIA COLI",FLUOROQUINOLONES,31555,2020,56.3
"SUB-SAHARAN AFRICA",KENYA,"ESCHERICHIA COLI","OTHER CLASSES",183372,2021,35.7
"SUB-SAHARAN AFRICA",KENYA,"ESCHERICHIA COLI",BETA-LACTAMS,121026,2022,76.6
"SUB-SAHARAN AFRICA",KENYA,"ESCHERICHIA COLI",FLUOROQUINOLONES,54915,2023,49.7
"SOUTHEAST ASIA",LAOS,"OTHER BACTERIA",AMINOGLYCOSIDES,230521,2000,63.4
"SOUTHEAST ASIA",LAOS,"OTHER BACTERIA","OTHER CLASSES",70629,2001,11.6
"SOUTHEAST ASIA",LAOS,"OTHER BACTERIA",AMINOGLYCOSIDES,84878,2002,40.8
"SOUTHEAST ASIA",LAOS,"OTHER BACTERIA",FLUOROQUINOLONES,162065,2003,35.7
"SOUTHEAST ASIA",LAOS,"OTHER BACTERIA",AMINOGLYCOSIDES,77331,2004,49.1
"SOUTHEAST ASIA",LAOS,"OTHER BACTERIA","OTHER CLASSES",13065,2005,13.8
"SOUTHEAST ASIA",LAOS,"OTHER BACTERIA",CARBAPENEMS,43103,2006,33.2
"SOUTHEAST ASIA",LAOS,"OTHER BACTERIA","OTHER CLASSES",72307,2007,78.2
"SOUTHEAST ASIA",LAOS,"OTHER BACTERIA",FLUOROQUINOLONES,37351,2008,37.2
"SOUTHEAST ASIA",LAOS,"OTHER BACTERIA",AMINOGLYCOSIDES,122523,2009,37.9
"SOUTHEAST ASIA",LAOS,"OTHER BACTERIA",AMINOGLYCOSIDES,89383,2010,38.3
"SOUTHEAST ASIA",LAOS,"OTHER BACTERIA",CARBAPENEMS,128951,2011,79.2
"SOUTHEAST ASIA",LAOS,"OTHER BACTERIA",BETA-LACTAMS,32175,2012,71.8
"SOUTHEAST ASIA",LAOS,"OTHER BACTERIA",BETA-LACTAMS,109138,2013,6.5
"SOUTHEAST ASIA",LAOS,"OTHER BACTERIA",CARBAPENEMS,62240,2014,51.6
"SOUTHEAST ASIA",LAOS,"OTHER BACTERIA",CARBAPENEMS,81908,2015,38.8
"SOUTHEAST ASIA",LAOS,"OTHER BACTERIA","OTHER CLASSES",194780,2016,8.2
"SOUTHEAST ASIA",LAOS,"OTHER BACTERIA",FLUOROQUINOLONES,92655,2017,36.4
"SOUTHEAST ASIA",LAOS,"OTHER BACTERIA",CARBAPENEMS,92270,2018,19.5
"SOUTHEAST ASIA",LAOS,"OTHER BACTERIA",AMINOGLYCOSIDES,31706,2019,52.2
"SOUTHEAST ASIA",LAOS,"OTHER BACTERIA",BETA-LACTAMS,134659,2020,42.3
"SOUTHEAST ASIA",LAOS,"OTHER BACTERIA",CARBAPENEMS,29361,2021,13.5
"SOUTHEAST ASIA",LAOS,"OTHER BACTERIA",AMINOGLYCOSIDES,76485,2022,58.3
"SOUTHEAST ASIA",LAOS,"OTHER BACTERIA",CARBAPENEMS,8148,2023,75.8
"SOUTHEAST ASIA",MALAYSIA,"ACINETOBACTER BAUMANNII",FLUOROQUINOLONES,168786,2000,74.4
"SOUTHEAST ASIA",MALAYSIA,"ACINETOBACTER BAUMANNII",CARBAPENEMS,112098,2001,71.1
"SOUTHEAST ASIA",MALAYSIA,"ACINETOBACTER BAUMANNII",BETA-LACTAMS,35134,2002,68.3
"SOUTHEAST ASIA",MALAYSIA,"ACINETOBACTER BAUMANNII","OTHER CLASSES",96867,2003,70.4
"SOUTHEAST ASIA",MALAYSIA,"ACINETOBACTER BAUMANNII",BETA-LACTAMS,162064,2004,38.9
"SOUTHEAST ASIA",MALAYSIA,"ACINETOBACTER BAUMANNII","OTHER CLASSES",230023,2005,16.1
"SOUTHEAST ASIA",MALAYSIA,"ACINETOBACTER BAUMANNII",CARBAPENEMS,127717,2006,68.1
"SOUTHEAST ASIA",MALAYSIA,"ACINETOBACTER BAUMANNII",BETA-LACTAMS,181522,2007,39.5
"SOUTHEAST ASIA",MALAYSIA,"ACINETOBACTER BAUMANNII",BETA-LACTAMS,54493,2008,53.6
"SOUTHEAST ASIA",MALAYSIA,"ACINETOBACTER BAUMANNII","OTHER CLASSES",51453,2009,79.9
"SOUTHEAST ASIA",MALAYSIA,"ACINETOBACTER BAUMANNII",BETA-LACTAMS,74670,2010,73.6
"SOUTHEAST ASIA",MALAYSIA,"ACINETOBACTER BAUMANNII","OTHER CLASSES",34081,2011,58.4
"SOUTHEAST ASIA",MALAYSIA,"ACINETOBACTER BAUMANNII",CARBAPENEMS,30666,2012,36.9
"SOUTHEAST ASIA",MALAYSIA,"ACINETOBACTER BAUMANNII",FLUOROQUINOLONES,84467,2013,66.4
"SOUTHEAST ASIA",MALAYSIA,"ACINETOBACTER BAUMANNII",AMINOGLYCOSIDES,112617,2014,27
"SOUTHEAST ASIA",MALAYSIA,"ACINETOBACTER BAUMANNII",AMINOGLYCOSIDES,170335,2015,59.9
"SOUTHEAST ASIA",MALAYSIA,"ACINETOBACTER BAUMANNII","OTHER CLASSES",23996,2016,15.3
"SOUTHEAST ASIA",MALAYSIA,"ACINETOBACTER BAUMANNII","OTHER CLASSES",87554,2017,41.6
"SOUTHEAST ASIA",MALAYSIA,"ACINETOBACTER BAUMANNII",FLUOROQUINOLONES,79461,2018,77.5
"SOUTHEAST ASIA",MALAYSIA,"ACINETOBACTER BAUMANNII",CARBAPENEMS,113667,2019,40.1
"SOUTHEAST ASIA",MALAYSIA,"ACINETOBACTER BAUMANNII",AMINOGLYCOSIDES,49850,2020,43.5
"SOUTHEAST ASIA",MALAYSIA,"ACINETOBACTER BAUMANNII","OTHER CLASSES",28609,2021,55.1
"SOUTHEAST ASIA",MALAYSIA,"ACINETOBACTER BAUMANNII","OTHER CLASSES",136249,2022,81.1
"SOUTHEAST ASIA",MALAYSIA,"ACINETOBACTER BAUMANNII",CARBAPENEMS,192386,2023,24.7
"SOUTH ASIA",MALDIVES,"OTHER GRAM-NEGATIVE","OTHER CLASSES",85993,2000,62.1
"SOUTH ASIA",MALDIVES,"STREPTOCOCCUS PNEUMONIAE",FLUOROQUINOLONES,121080,2001,43.1
"SOUTH ASIA",MALDIVES,"PSEUDOMONAS AERUGINOSA",AMINOGLYCOSIDES,180165,2002,8.5
"SOUTH ASIA",MALDIVES,"ACINETOBACTER BAUMANNII","OTHER CLASSES",126024,2003,46.7
"SOUTH ASIA",MALDIVES,"ESCHERICHIA COLI",BETA-LACTAMS,96949,2004,32.8
"SOUTH ASIA",MALDIVES,"KLEBSIELLA PNEUMONIAE",FLUOROQUINOLONES,145596,2005,24.3
"SOUTH ASIA",MALDIVES,"OTHER BACTERIA",AMINOGLYCOSIDES,113250,2006,15.5
"SOUTH ASIA",MALDIVES,MRSA,CARBAPENEMS,54149,2006,7.2
"SOUTH ASIA",MALDIVES,"OTHER GRAM-NEGATIVE",BETA-LACTAMS,94121,2007,45.1
"SOUTH ASIA",MALDIVES,"STREPTOCOCCUS PNEUMONIAE",BETA-LACTAMS,10172,2008,80.6
"SOUTH ASIA",MALDIVES,"PSEUDOMONAS AERUGINOSA","OTHER CLASSES",73741,2009,21
"SOUTH ASIA",MALDIVES,"ACINETOBACTER BAUMANNII","OTHER CLASSES",135841,2010,84.4
"SOUTH ASIA",MALDIVES,"ESCHERICHIA COLI",FLUOROQUINOLONES,176056,2011,67.3
"SOUTH ASIA",MALDIVES,"KLEBSIELLA PNEUMONIAE",CARBAPENEMS,10963,2012,25.3
"SOUTH ASIA",MALDIVES,MRSA,FLUOROQUINOLONES,122616,2013,30.5
"SOUTH ASIA",MALDIVES,"OTHER BACTERIA","OTHER CLASSES",119189,2013,70.7
"SOUTH ASIA",MALDIVES,"OTHER GRAM-NEGATIVE",AMINOGLYCOSIDES,137594,2014,60.2
"SOUTH ASIA",MALDIVES,"STREPTOCOCCUS PNEUMONIAE",FLUOROQUINOLONES,162302,2015,68.2
"SOUTH ASIA",MALDIVES,"PSEUDOMONAS AERUGINOSA",CARBAPENEMS,25593,2016,46.7
"SOUTH ASIA",MALDIVES,"ACINETOBACTER BAUMANNII",AMINOGLYCOSIDES,99289,2017,45.9
"SOUTH ASIA",MALDIVES,"ESCHERICHIA COLI",BETA-LACTAMS,35775,2018,50
"SOUTH ASIA",MALDIVES,"KLEBSIELLA PNEUMONIAE",CARBAPENEMS,10665,2019,43.2
"SOUTH ASIA",MALDIVES,MRSA,CARBAPENEMS,13287,2020,56.6
"SOUTH ASIA",MALDIVES,"OTHER BACTERIA",FLUOROQUINOLONES,110755,2020,16
"SOUTH ASIA",MALDIVES,"OTHER GRAM-NEGATIVE",FLUOROQUINOLONES,107128,2021,19.9
"SOUTH ASIA",MALDIVES,"STREPTOCOCCUS PNEUMONIAE",CARBAPENEMS,220042,2022,54.9
"SOUTH ASIA",MALDIVES,"PSEUDOMONAS AERUGINOSA",FLUOROQUINOLONES,121445,2023,45.2
"LATIN AMERICA & CARIBBEAN",MEXICO,"KLEBSIELLA PNEUMONIAE",FLUOROQUINOLONES,185539,2000,80.5
"LATIN AMERICA & CARIBBEAN",MEXICO,"KLEBSIELLA PNEUMONIAE",BETA-LACTAMS,21563,2001,65.9
"LATIN AMERICA & CARIBBEAN",MEXICO,"KLEBSIELLA PNEUMONIAE","OTHER CLASSES",11401,2002,6
"LATIN AMERICA & CARIBBEAN",MEXICO,"KLEBSIELLA PNEUMONIAE",AMINOGLYCOSIDES,20600,2003,58.8
"LATIN AMERICA & CARIBBEAN",MEXICO,"KLEBSIELLA PNEUMONIAE",AMINOGLYCOSIDES,56335,2004,78.3
"LATIN AMERICA & CARIBBEAN",MEXICO,"KLEBSIELLA PNEUMONIAE",BETA-LACTAMS,153429,2005,32.6
"LATIN AMERICA & CARIBBEAN",MEXICO,"KLEBSIELLA PNEUMONIAE",CARBAPENEMS,62375,2006,84.6
"LATIN AMERICA & CARIBBEAN",MEXICO,"KLEBSIELLA PNEUMONIAE","OTHER CLASSES",141633,2007,11
"LATIN AMERICA & CARIBBEAN",MEXICO,"KLEBSIELLA PNEUMONIAE","OTHER CLASSES",5761,2008,45.4
"LATIN AMERICA & CARIBBEAN",MEXICO,"KLEBSIELLA PNEUMONIAE",BETA-LACTAMS,49003,2009,60.7
"LATIN AMERICA & CARIBBEAN",MEXICO,"KLEBSIELLA PNEUMONIAE",CARBAPENEMS,120663,2010,44.7
"LATIN AMERICA & CARIBBEAN",MEXICO,"KLEBSIELLA PNEUMONIAE",AMINOGLYCOSIDES,223327,2011,46.5
"LATIN AMERICA & CARIBBEAN",MEXICO,"KLEBSIELLA PNEUMONIAE",FLUOROQUINOLONES,161341,2012,82.7
"LATIN AMERICA & CARIBBEAN",MEXICO,"KLEBSIELLA PNEUMONIAE",FLUOROQUINOLONES,59272,2013,27.2
"LATIN AMERICA & CARIBBEAN",MEXICO,"KLEBSIELLA PNEUMONIAE",FLUOROQUINOLONES,114194,2014,75.7
"LATIN AMERICA & CARIBBEAN",MEXICO,"KLEBSIELLA PNEUMONIAE",BETA-LACTAMS,182157,2015,54.5
"LATIN AMERICA & CARIBBEAN",MEXICO,"KLEBSIELLA PNEUMONIAE",AMINOGLYCOSIDES,187603,2016,55.3
"LATIN AMERICA & CARIBBEAN",MEXICO,"KLEBSIELLA PNEUMONIAE",BETA-LACTAMS,45540,2017,65.6
"LATIN AMERICA & CARIBBEAN",MEXICO,"KLEBSIELLA PNEUMONIAE",CARBAPENEMS,239772,2018,26.1
"LATIN AMERICA & CARIBBEAN",MEXICO,"KLEBSIELLA PNEUMONIAE",CARBAPENEMS,47755,2019,47
"LATIN AMERICA & CARIBBEAN",MEXICO,"KLEBSIELLA PNEUMONIAE","OTHER CLASSES",11960,2020,72.4
"LATIN AMERICA & CARIBBEAN",MEXICO,"KLEBSIELLA PNEUMONIAE",BETA-LACTAMS,20810,2021,67.1
"LATIN AMERICA & CARIBBEAN",MEXICO,"KLEBSIELLA PNEUMONIAE","OTHER CLASSES",159329,2022,44.9
"LATIN AMERICA & CARIBBEAN",MEXICO,"KLEBSIELLA PNEUMONIAE",CARBAPENEMS,77368,2023,79.9
"EAST ASIA",MONGOLIA,"ACINETOBACTER BAUMANNII",CARBAPENEMS,43255,2000,78
"EAST ASIA",MONGOLIA,"OTHER BACTERIA",BETA-LACTAMS,120487,2001,57.1
"EAST ASIA",MONGOLIA,"KLEBSIELLA PNEUMONIAE",BETA-LACTAMS,41456,2001,43.3
"EAST ASIA",MONGOLIA,"STREPTOCOCCUS PNEUMONIAE",CARBAPENEMS,143223,2002,50.7
"EAST ASIA",MONGOLIA,"ACINETOBACTER BAUMANNII",AMINOGLYCOSIDES,49748,2003,61.4
"EAST ASIA",MONGOLIA,"OTHER BACTERIA",BETA-LACTAMS,94190,2004,58.8
"EAST ASIA",MONGOLIA,"KLEBSIELLA PNEUMONIAE",CARBAPENEMS,10158,2004,83.6
"EAST ASIA",MONGOLIA,"STREPTOCOCCUS PNEUMONIAE","OTHER CLASSES",124003,2005,74.9
"EAST ASIA",MONGOLIA,"ACINETOBACTER BAUMANNII",AMINOGLYCOSIDES,53997,2006,83.1
"EAST ASIA",MONGOLIA,"KLEBSIELLA PNEUMONIAE",AMINOGLYCOSIDES,53959,2007,77.2
"EAST ASIA",MONGOLIA,"OTHER BACTERIA",CARBAPENEMS,63534,2007,15.8
"EAST ASIA",MONGOLIA,"STREPTOCOCCUS PNEUMONIAE","OTHER CLASSES",194931,2008,63.5
"EAST ASIA",MONGOLIA,"ACINETOBACTER BAUMANNII",FLUOROQUINOLONES,87968,2009,27.6
"EAST ASIA",MONGOLIA,"KLEBSIELLA PNEUMONIAE",CARBAPENEMS,88490,2010,66.8
"EAST ASIA",MONGOLIA,"OTHER BACTERIA",FLUOROQUINOLONES,53825,2010,78.2
"EAST ASIA",MONGOLIA,"STREPTOCOCCUS PNEUMONIAE","OTHER CLASSES",188463,2011,50
"EAST ASIA",MONGOLIA,"ACINETOBACTER BAUMANNII",BETA-LACTAMS,64213,2012,55.7
"EAST ASIA",MONGOLIA,"OTHER BACTERIA",BETA-LACTAMS,156176,2013,5.7
"EAST ASIA",MONGOLIA,"KLEBSIELLA PNEUMONIAE",FLUOROQUINOLONES,44861,2013,58.9
"EAST ASIA",MONGOLIA,"STREPTOCOCCUS PNEUMONIAE","OTHER CLASSES",110001,2014,49.9
"EAST ASIA",MONGOLIA,"ACINETOBACTER BAUMANNII",FLUOROQUINOLONES,120343,2015,70.6
"EAST ASIA",MONGOLIA,"KLEBSIELLA PNEUMONIAE",CARBAPENEMS,66484,2016,38.1
"EAST ASIA",MONGOLIA,"OTHER BACTERIA","OTHER CLASSES",54709,2016,66.5
"EAST ASIA",MONGOLIA,"STREPTOCOCCUS PNEUMONIAE",AMINOGLYCOSIDES,144538,2017,73.9
"EAST ASIA",MONGOLIA,"ACINETOBACTER BAUMANNII","OTHER CLASSES",84191,2018,32.3
"EAST ASIA",MONGOLIA,"KLEBSIELLA PNEUMONIAE",BETA-LACTAMS,211923,2019,75.7
"EAST ASIA",MONGOLIA,"OTHER BACTERIA","OTHER CLASSES",93657,2019,65.5
"EAST ASIA",MONGOLIA,"STREPTOCOCCUS PNEUMONIAE",FLUOROQUINOLONES,116476,2020,15.8
"EAST ASIA",MONGOLIA,"ACINETOBACTER BAUMANNII",CARBAPENEMS,143541,2021,22.6
"EAST ASIA",MONGOLIA,"OTHER BACTERIA",FLUOROQUINOLONES,46435,2022,40.2
"EAST ASIA",MONGOLIA,"KLEBSIELLA PNEUMONIAE",FLUOROQUINOLONES,70044,2022,10.8
"EAST ASIA",MONGOLIA,"STREPTOCOCCUS PNEUMONIAE","OTHER CLASSES",112435,2023,51.8
"SOUTHEAST ASIA",MYANMAR,"OTHER GRAM-NEGATIVE",BETA-LACTAMS,32976,2000,19.7
"SOUTHEAST ASIA",MYANMAR,"OTHER GRAM-NEGATIVE","OTHER CLASSES",95211,2001,30.9
"SOUTHEAST ASIA",MYANMAR,"OTHER GRAM-NEGATIVE","OTHER CLASSES",197524,2002,35.4
"SOUTHEAST ASIA",MYANMAR,"OTHER GRAM-NEGATIVE",BETA-LACTAMS,161898,2003,16.4
"SOUTHEAST ASIA",MYANMAR,"OTHER GRAM-NEGATIVE",FLUOROQUINOLONES,5712,2004,25
"SOUTHEAST ASIA",MYANMAR,"OTHER GRAM-NEGATIVE",AMINOGLYCOSIDES,8422,2005,27.5
"SOUTHEAST ASIA",MYANMAR,"OTHER GRAM-NEGATIVE",FLUOROQUINOLONES,17825,2006,15
"SOUTHEAST ASIA",MYANMAR,"OTHER GRAM-NEGATIVE",BETA-LACTAMS,144001,2007,37.9
"SOUTHEAST ASIA",MYANMAR,"OTHER GRAM-NEGATIVE",FLUOROQUINOLONES,164784,2008,43.4
"SOUTHEAST ASIA",MYANMAR,"OTHER GRAM-NEGATIVE",AMINOGLYCOSIDES,41341,2009,47
"SOUTHEAST ASIA",MYANMAR,"OTHER GRAM-NEGATIVE","OTHER CLASSES",145080,2010,48.2
"SOUTHEAST ASIA",MYANMAR,"OTHER GRAM-NEGATIVE",BETA-LACTAMS,77362,2011,22.4
"SOUTHEAST ASIA",MYANMAR,"OTHER GRAM-NEGATIVE",AMINOGLYCOSIDES,131324,2012,82
"SOUTHEAST ASIA",MYANMAR,"OTHER GRAM-NEGATIVE",AMINOGLYCOSIDES,159957,2013,60.5
"SOUTHEAST ASIA",MYANMAR,"OTHER GRAM-NEGATIVE",BETA-LACTAMS,78707,2014,18.9
"SOUTHEAST ASIA",MYANMAR,"OTHER GRAM-NEGATIVE",AMINOGLYCOSIDES,14529,2015,80
"SOUTHEAST ASIA",MYANMAR,"OTHER GRAM-NEGATIVE",BETA-LACTAMS,168629,2016,55.5
"SOUTHEAST ASIA",MYANMAR,"OTHER GRAM-NEGATIVE","OTHER CLASSES",6605,2017,19.2
"SOUTHEAST ASIA",MYANMAR,"OTHER GRAM-NEGATIVE",BETA-LACTAMS,81046,2018,43.1
"SOUTHEAST ASIA",MYANMAR,"OTHER GRAM-NEGATIVE","OTHER CLASSES",135394,2019,25.1
"SOUTHEAST ASIA",MYANMAR,"OTHER GRAM-NEGATIVE","OTHER CLASSES",66275,2020,26.1
"SOUTHEAST ASIA",MYANMAR,"OTHER GRAM-NEGATIVE",FLUOROQUINOLONES,77654,2021,55.3
"SOUTHEAST ASIA",MYANMAR,"OTHER GRAM-NEGATIVE","OTHER CLASSES",111378,2022,35.5
"SOUTHEAST ASIA",MYANMAR,"OTHER GRAM-NEGATIVE","OTHER CLASSES",84741,2023,53.6
"SOUTH ASIA",NEPAL,"PSEUDOMONAS AERUGINOSA",BETA-LACTAMS,92190,2000,51.9
"SOUTH ASIA",NEPAL,"ACINETOBACTER BAUMANNII",FLUOROQUINOLONES,30355,2001,44.8
"SOUTH ASIA",NEPAL,"ESCHERICHIA COLI",BETA-LACTAMS,25162,2002,38
"SOUTH ASIA",NEPAL,"KLEBSIELLA PNEUMONIAE","OTHER CLASSES",89161,2003,42.5
"SOUTH ASIA",NEPAL,"OTHER BACTERIA",AMINOGLYCOSIDES,79754,2004,24
"SOUTH ASIA",NEPAL,MRSA,CARBAPENEMS,109447,2004,25.5
"SOUTH ASIA",NEPAL,"OTHER GRAM-NEGATIVE","OTHER CLASSES",166576,2005,6.9
"SOUTH ASIA",NEPAL,"STREPTOCOCCUS PNEUMONIAE",FLUOROQUINOLONES,97820,2006,18.6
"SOUTH ASIA",NEPAL,"PSEUDOMONAS AERUGINOSA","OTHER CLASSES",232657,2007,74.3
"SOUTH ASIA",NEPAL,"ACINETOBACTER BAUMANNII","OTHER CLASSES",184517,2008,84.7
"SOUTH ASIA",NEPAL,"ESCHERICHIA COLI",AMINOGLYCOSIDES,66921,2009,60.5
"SOUTH ASIA",NEPAL,"KLEBSIELLA PNEUMONIAE",BETA-LACTAMS,53445,2010,84.4
"SOUTH ASIA",NEPAL,"OTHER BACTERIA",FLUOROQUINOLONES,72052,2011,25.2
"SOUTH ASIA",NEPAL,MRSA,FLUOROQUINOLONES,8398,2011,77
"SOUTH ASIA",NEPAL,"OTHER GRAM-NEGATIVE",BETA-LACTAMS,9927,2012,46
"SOUTH ASIA",NEPAL,"STREPTOCOCCUS PNEUMONIAE",CARBAPENEMS,129187,2013,60.2
"SOUTH ASIA",NEPAL,"PSEUDOMONAS AERUGINOSA",CARBAPENEMS,178992,2014,81.9
"SOUTH ASIA",NEPAL,"ACINETOBACTER BAUMANNII",FLUOROQUINOLONES,26974,2015,12.6
"SOUTH ASIA",NEPAL,"ESCHERICHIA COLI",AMINOGLYCOSIDES,129909,2016,30.9
"SOUTH ASIA",NEPAL,"KLEBSIELLA PNEUMONIAE",CARBAPENEMS,11333,2017,49.8
"SOUTH ASIA",NEPAL,MRSA,AMINOGLYCOSIDES,146890,2018,52
"SOUTH ASIA",NEPAL,"OTHER BACTERIA",BETA-LACTAMS,143026,2018,83.4
"SOUTH ASIA",NEPAL,"OTHER GRAM-NEGATIVE",FLUOROQUINOLONES,80604,2019,66.9
"SOUTH ASIA",NEPAL,"STREPTOCOCCUS PNEUMONIAE",CARBAPENEMS,89246,2020,10
"SOUTH ASIA",NEPAL,"PSEUDOMONAS AERUGINOSA","OTHER CLASSES",143452,2021,81.6
"SOUTH ASIA",NEPAL,"ACINETOBACTER BAUMANNII",BETA-LACTAMS,130096,2022,16
"SOUTH ASIA",NEPAL,"ESCHERICHIA COLI",AMINOGLYCOSIDES,173041,2023,78
"WESTERN EUROPE",NETHERLANDS,"STREPTOCOCCUS PNEUMONIAE",CARBAPENEMS,30861,2000,77
"WESTERN EUROPE",NETHERLANDS,"OTHER GRAM-NEGATIVE",CARBAPENEMS,144955,2001,65.4
"WESTERN EUROPE",NETHERLANDS,"OTHER BACTERIA",AMINOGLYCOSIDES,20367,2002,80
"WESTERN EUROPE",NETHERLANDS,MRSA,FLUOROQUINOLONES,39526,2004,43.3
"WESTERN EUROPE",NETHERLANDS,"KLEBSIELLA PNEUMONIAE","OTHER CLASSES",162231,2005,40
"WESTERN EUROPE",NETHERLANDS,"ESCHERICHIA COLI",AMINOGLYCOSIDES,163451,2006,50.3
"WESTERN EUROPE",NETHERLANDS,"ACINETOBACTER BAUMANNII",CARBAPENEMS,64535,2007,79.9
"WESTERN EUROPE",NETHERLANDS,"PSEUDOMONAS AERUGINOSA",BETA-LACTAMS,145259,2008,74.3
"WESTERN EUROPE",NETHERLANDS,"STREPTOCOCCUS PNEUMONIAE",CARBAPENEMS,93636,2009,82.9
"WESTERN EUROPE",NETHERLANDS,"OTHER GRAM-NEGATIVE",CARBAPENEMS,56601,2010,51.6
"WESTERN EUROPE",NETHERLANDS,"OTHER BACTERIA",FLUOROQUINOLONES,61689,2011,26.6
"WESTERN EUROPE",NETHERLANDS,MRSA,CARBAPENEMS,32843,2013,32.6
"WESTERN EUROPE",NETHERLANDS,"KLEBSIELLA PNEUMONIAE","OTHER CLASSES",139326,2014,60.1
"WESTERN EUROPE",NETHERLANDS,"ESCHERICHIA COLI",BETA-LACTAMS,30044,2015,35.9
"WESTERN EUROPE",NETHERLANDS,"ACINETOBACTER BAUMANNII",BETA-LACTAMS,98202,2016,21.9
"WESTERN EUROPE",NETHERLANDS,"PSEUDOMONAS AERUGINOSA",CARBAPENEMS,123712,2017,73.2
"WESTERN EUROPE",NETHERLANDS,"STREPTOCOCCUS PNEUMONIAE",FLUOROQUINOLONES,198788,2018,57.3
"WESTERN EUROPE",NETHERLANDS,"OTHER GRAM-NEGATIVE",BETA-LACTAMS,157901,2019,12.1
"WESTERN EUROPE",NETHERLANDS,"OTHER BACTERIA",BETA-LACTAMS,123712,2020,57.7
"WESTERN EUROPE",NETHERLANDS,MRSA,BETA-LACTAMS,32932,2022,29.1
"WESTERN EUROPE",NETHERLANDS,"KLEBSIELLA PNEUMONIAE",CARBAPENEMS,36060,2023,36.1
"SUB-SAHARAN AFRICA",NIGERIA,MRSA,BETA-LACTAMS,185849,2000,38.3
"SUB-SAHARAN AFRICA",NIGERIA,MRSA,CARBAPENEMS,14622,2001,22.7
"SUB-SAHARAN AFRICA",NIGERIA,MRSA,AMINOGLYCOSIDES,108172,2002,70.2
"SUB-SAHARAN AFRICA",NIGERIA,MRSA,AMINOGLYCOSIDES,159449,2003,54.7
"SUB-SAHARAN AFRICA",NIGERIA,MRSA,BETA-LACTAMS,63228,2004,61.3
"SUB-SAHARAN AFRICA",NIGERIA,MRSA,BETA-LACTAMS,65455,2005,54.2
"SUB-SAHARAN AFRICA",NIGERIA,MRSA,AMINOGLYCOSIDES,136020,2006,60
"SUB-SAHARAN AFRICA",NIGERIA,MRSA,FLUOROQUINOLONES,49392,2007,82.2
"SUB-SAHARAN AFRICA",NIGERIA,MRSA,CARBAPENEMS,9358,2008,27.1
"SUB-SAHARAN AFRICA",NIGERIA,MRSA,FLUOROQUINOLONES,40086,2009,67.2
"SUB-SAHARAN AFRICA",NIGERIA,MRSA,BETA-LACTAMS,55415,2010,16.5
"SUB-SAHARAN AFRICA",NIGERIA,MRSA,FLUOROQUINOLONES,31707,2011,49.8
"SUB-SAHARAN AFRICA",NIGERIA,MRSA,AMINOGLYCOSIDES,135626,2012,29.7
"SUB-SAHARAN AFRICA",NIGERIA,MRSA,AMINOGLYCOSIDES,144636,2013,27.1
"SUB-SAHARAN AFRICA",NIGERIA,MRSA,CARBAPENEMS,154964,2014,51.1
"SUB-SAHARAN AFRICA",NIGERIA,MRSA,BETA-LACTAMS,168127,2015,9
"SUB-SAHARAN AFRICA",NIGERIA,MRSA,FLUOROQUINOLONES,69972,2016,48.4
"SUB-SAHARAN AFRICA",NIGERIA,MRSA,CARBAPENEMS,131167,2017,24.6
"SUB-SAHARAN AFRICA",NIGERIA,MRSA,BETA-LACTAMS,192732,2018,79.7
"SUB-SAHARAN AFRICA",NIGERIA,MRSA,"OTHER CLASSES",40769,2019,71.6
"SUB-SAHARAN AFRICA",NIGERIA,MRSA,CARBAPENEMS,196254,2020,37.1
"SUB-SAHARAN AFRICA",NIGERIA,MRSA,BETA-LACTAMS,147681,2021,44.6
"SUB-SAHARAN AFRICA",NIGERIA,MRSA,FLUOROQUINOLONES,48214,2022,50.6
"SUB-SAHARAN AFRICA",NIGERIA,MRSA,AMINOGLYCOSIDES,168976,2023,29.7
"WESTERN EUROPE",NORWAY,MRSA,BETA-LACTAMS,27041,2001,63.6
"WESTERN EUROPE",NORWAY,"KLEBSIELLA PNEUMONIAE",AMINOGLYCOSIDES,134379,2002,37.1
"WESTERN EUROPE",NORWAY,"ESCHERICHIA COLI",FLUOROQUINOLONES,156159,2003,76.1
"WESTERN EUROPE",NORWAY,"ACINETOBACTER BAUMANNII",FLUOROQUINOLONES,177643,2004,49
"WESTERN EUROPE",NORWAY,"PSEUDOMONAS AERUGINOSA","OTHER CLASSES",128297,2005,11.4
"WESTERN EUROPE",NORWAY,"STREPTOCOCCUS PNEUMONIAE",BETA-LACTAMS,73897,2006,15.3
"WESTERN EUROPE",NORWAY,"OTHER GRAM-NEGATIVE",BETA-LACTAMS,39776,2007,35.6
"WESTERN EUROPE",NORWAY,"OTHER BACTERIA",BETA-LACTAMS,92031,2008,13.6
"WESTERN EUROPE",NORWAY,MRSA,BETA-LACTAMS,198118,2010,27.4
"WESTERN EUROPE",NORWAY,"KLEBSIELLA PNEUMONIAE",BETA-LACTAMS,101526,2011,84.8
"WESTERN EUROPE",NORWAY,"ESCHERICHIA COLI",AMINOGLYCOSIDES,213815,2012,47.6
"WESTERN EUROPE",NORWAY,"ACINETOBACTER BAUMANNII",CARBAPENEMS,101533,2013,51.7
"WESTERN EUROPE",NORWAY,"PSEUDOMONAS AERUGINOSA",CARBAPENEMS,79488,2014,19.2
"WESTERN EUROPE",NORWAY,"STREPTOCOCCUS PNEUMONIAE",AMINOGLYCOSIDES,119538,2015,24.5
"WESTERN EUROPE",NORWAY,"OTHER GRAM-NEGATIVE",CARBAPENEMS,53361,2016,46
"WESTERN EUROPE",NORWAY,"OTHER BACTERIA","OTHER CLASSES",200686,2017,32.2
"WESTERN EUROPE",NORWAY,MRSA,CARBAPENEMS,31256,2019,48.2
"WESTERN EUROPE",NORWAY,"KLEBSIELLA PNEUMONIAE",CARBAPENEMS,114255,2020,20
"WESTERN EUROPE",NORWAY,"ESCHERICHIA COLI","OTHER CLASSES",38783,2021,46.9
"WESTERN EUROPE",NORWAY,"ACINETOBACTER BAUMANNII",FLUOROQUINOLONES,128559,2022,10.4
"WESTERN EUROPE",NORWAY,"PSEUDOMONAS AERUGINOSA",CARBAPENEMS,70807,2023,78
"SOUTH ASIA",PAKISTAN,"KLEBSIELLA PNEUMONIAE",AMINOGLYCOSIDES,67002,2000,47
"SOUTH ASIA",PAKISTAN,"OTHER BACTERIA",BETA-LACTAMS,63018,2001,78.4
"SOUTH ASIA",PAKISTAN,MRSA,CARBAPENEMS,178160,2001,21.6
"SOUTH ASIA",PAKISTAN,"OTHER GRAM-NEGATIVE",FLUOROQUINOLONES,122403,2002,63.2
"SOUTH ASIA",PAKISTAN,"STREPTOCOCCUS PNEUMONIAE",AMINOGLYCOSIDES,149519,2003,24.7
"SOUTH ASIA",PAKISTAN,"PSEUDOMONAS AERUGINOSA","OTHER CLASSES",10160,2004,74.6
"SOUTH ASIA",PAKISTAN,"ACINETOBACTER BAUMANNII",FLUOROQUINOLONES,52317,2005,5.9
"SOUTH ASIA",PAKISTAN,"ESCHERICHIA COLI",FLUOROQUINOLONES,113117,2006,36.4
"SOUTH ASIA",PAKISTAN,"KLEBSIELLA PNEUMONIAE",CARBAPENEMS,44566,2007,12.5
"SOUTH ASIA",PAKISTAN,MRSA,BETA-LACTAMS,83338,2008,27.7
"SOUTH ASIA",PAKISTAN,"OTHER BACTERIA",FLUOROQUINOLONES,22067,2008,70.8
"SOUTH ASIA",PAKISTAN,"OTHER GRAM-NEGATIVE",CARBAPENEMS,151330,2009,25.6
"SOUTH ASIA",PAKISTAN,"STREPTOCOCCUS PNEUMONIAE",BETA-LACTAMS,4934,2010,49.8
"SOUTH ASIA",PAKISTAN,"PSEUDOMONAS AERUGINOSA",BETA-LACTAMS,19618,2011,56.8
"SOUTH ASIA",PAKISTAN,"ACINETOBACTER BAUMANNII",AMINOGLYCOSIDES,145891,2012,5.5
"SOUTH ASIA",PAKISTAN,"ESCHERICHIA COLI","OTHER CLASSES",167921,2013,65.9
"SOUTH ASIA",PAKISTAN,"KLEBSIELLA PNEUMONIAE",CARBAPENEMS,120963,2014,20.5
"SOUTH ASIA",PAKISTAN,"OTHER BACTERIA",BETA-LACTAMS,76091,2015,41.8
"SOUTH ASIA",PAKISTAN,MRSA,BETA-LACTAMS,82034,2015,18.6
"SOUTH ASIA",PAKISTAN,"OTHER GRAM-NEGATIVE",BETA-LACTAMS,30492,2016,70.2
"SOUTH ASIA",PAKISTAN,"STREPTOCOCCUS PNEUMONIAE",AMINOGLYCOSIDES,94774,2017,20.1
"SOUTH ASIA",PAKISTAN,"PSEUDOMONAS AERUGINOSA","OTHER CLASSES",77481,2018,13.5
"SOUTH ASIA",PAKISTAN,"ACINETOBACTER BAUMANNII","OTHER CLASSES",34215,2019,53.1
"SOUTH ASIA",PAKISTAN,"ESCHERICHIA COLI",BETA-LACTAMS,162627,2020,50.8
"SOUTH ASIA",PAKISTAN,"KLEBSIELLA PNEUMONIAE",BETA-LACTAMS,67711,2021,84.9
"SOUTH ASIA",PAKISTAN,MRSA,AMINOGLYCOSIDES,28228,2022,71.6
"SOUTH ASIA",PAKISTAN,"OTHER BACTERIA","OTHER CLASSES",62200,2022,74.3
"SOUTH ASIA",PAKISTAN,"OTHER GRAM-NEGATIVE","OTHER CLASSES",55189,2023,71.3
"LATIN AMERICA & CARIBBEAN",PERU,"STREPTOCOCCUS PNEUMONIAE",BETA-LACTAMS,5433,2000,12.3
"LATIN AMERICA & CARIBBEAN",PERU,"STREPTOCOCCUS PNEUMONIAE",FLUOROQUINOLONES,12455,2001,76.7
"LATIN AMERICA & CARIBBEAN",PERU,"STREPTOCOCCUS PNEUMONIAE",AMINOGLYCOSIDES,37983,2002,66.3
"LATIN AMERICA & CARIBBEAN",PERU,"STREPTOCOCCUS PNEUMONIAE",AMINOGLYCOSIDES,188904,2003,57.5
"LATIN AMERICA & CARIBBEAN",PERU,"STREPTOCOCCUS PNEUMONIAE",CARBAPENEMS,60626,2004,65.6
"LATIN AMERICA & CARIBBEAN",PERU,"STREPTOCOCCUS PNEUMONIAE",AMINOGLYCOSIDES,83282,2005,48.6
"LATIN AMERICA & CARIBBEAN",PERU,"STREPTOCOCCUS PNEUMONIAE",CARBAPENEMS,90836,2006,28.6
"LATIN AMERICA & CARIBBEAN",PERU,"STREPTOCOCCUS PNEUMONIAE",AMINOGLYCOSIDES,178298,2007,20.3
"LATIN AMERICA & CARIBBEAN",PERU,"STREPTOCOCCUS PNEUMONIAE",BETA-LACTAMS,100239,2008,83.7
"LATIN AMERICA & CARIBBEAN",PERU,"STREPTOCOCCUS PNEUMONIAE","OTHER CLASSES",91925,2009,21.9
"LATIN AMERICA & CARIBBEAN",PERU,"STREPTOCOCCUS PNEUMONIAE",FLUOROQUINOLONES,84830,2010,60
"LATIN AMERICA & CARIBBEAN",PERU,"STREPTOCOCCUS PNEUMONIAE","OTHER CLASSES",142037,2011,71.2
"LATIN AMERICA & CARIBBEAN",PERU,"STREPTOCOCCUS PNEUMONIAE","OTHER CLASSES",160442,2012,78.8
"LATIN AMERICA & CARIBBEAN",PERU,"STREPTOCOCCUS PNEUMONIAE",FLUOROQUINOLONES,45012,2013,68.4
"LATIN AMERICA & CARIBBEAN",PERU,"STREPTOCOCCUS PNEUMONIAE",BETA-LACTAMS,155293,2014,79.5
"LATIN AMERICA & CARIBBEAN",PERU,"STREPTOCOCCUS PNEUMONIAE",BETA-LACTAMS,153456,2015,84.2
"LATIN AMERICA & CARIBBEAN",PERU,"STREPTOCOCCUS PNEUMONIAE","OTHER CLASSES",120366,2016,8.2
"LATIN AMERICA & CARIBBEAN",PERU,"STREPTOCOCCUS PNEUMONIAE",BETA-LACTAMS,217813,2017,57.5
"LATIN AMERICA & CARIBBEAN",PERU,"STREPTOCOCCUS PNEUMONIAE",FLUOROQUINOLONES,13088,2018,30.2
"LATIN AMERICA & CARIBBEAN",PERU,"STREPTOCOCCUS PNEUMONIAE",FLUOROQUINOLONES,113215,2019,52.7
"LATIN AMERICA & CARIBBEAN",PERU,"STREPTOCOCCUS PNEUMONIAE",FLUOROQUINOLONES,36774,2020,43.1
"LATIN AMERICA & CARIBBEAN",PERU,"STREPTOCOCCUS PNEUMONIAE",CARBAPENEMS,37094,2021,78.7
"LATIN AMERICA & CARIBBEAN",PERU,"STREPTOCOCCUS PNEUMONIAE","OTHER CLASSES",117045,2022,41
"LATIN AMERICA & CARIBBEAN",PERU,"STREPTOCOCCUS PNEUMONIAE",AMINOGLYCOSIDES,38868,2023,41.8
"SOUTHEAST ASIA",PHILIPPINES,"PSEUDOMONAS AERUGINOSA",AMINOGLYCOSIDES,59883,2000,42.2
"SOUTHEAST ASIA",PHILIPPINES,"PSEUDOMONAS AERUGINOSA","OTHER CLASSES",54000,2001,5.7
"SOUTHEAST ASIA",PHILIPPINES,"PSEUDOMONAS AERUGINOSA",AMINOGLYCOSIDES,5182,2002,10
"SOUTHEAST ASIA",PHILIPPINES,"PSEUDOMONAS AERUGINOSA",AMINOGLYCOSIDES,12233,2003,61.7
"SOUTHEAST ASIA",PHILIPPINES,"PSEUDOMONAS AERUGINOSA",CARBAPENEMS,109689,2004,33.7
"SOUTHEAST ASIA",PHILIPPINES,"PSEUDOMONAS AERUGINOSA",CARBAPENEMS,19174,2005,10.9
"SOUTHEAST ASIA",PHILIPPINES,"PSEUDOMONAS AERUGINOSA","OTHER CLASSES",228891,2006,48.1
"SOUTHEAST ASIA",PHILIPPINES,"PSEUDOMONAS AERUGINOSA",CARBAPENEMS,37781,2007,75.7
"SOUTHEAST ASIA",PHILIPPINES,"PSEUDOMONAS AERUGINOSA","OTHER CLASSES",16595,2008,9
"SOUTHEAST ASIA",PHILIPPINES,"PSEUDOMONAS AERUGINOSA",AMINOGLYCOSIDES,86706,2009,79.5
"SOUTHEAST ASIA",PHILIPPINES,"PSEUDOMONAS AERUGINOSA",CARBAPENEMS,63522,2010,31.3
"SOUTHEAST ASIA",PHILIPPINES,"PSEUDOMONAS AERUGINOSA",FLUOROQUINOLONES,133823,2011,83.1
"SOUTHEAST ASIA",PHILIPPINES,"PSEUDOMONAS AERUGINOSA",CARBAPENEMS,149028,2012,55.1
"SOUTHEAST ASIA",PHILIPPINES,"PSEUDOMONAS AERUGINOSA",FLUOROQUINOLONES,98098,2013,37.6
"SOUTHEAST ASIA",PHILIPPINES,"PSEUDOMONAS AERUGINOSA",AMINOGLYCOSIDES,11925,2014,76.2
